{"width":512,"imagePath":"Mechanic_tex.png","height":256,"name":"Mechanic","SubTexture":[{"width":47,"y":202,"height":30,"name":"Mechanic/pelvis","x":380},{"width":30,"y":166,"height":73,"name":"Mechanic/right_leg","x":457},{"width":23,"y":1,"height":71,"name":"Mechanic/leg_left","x":139},{"width":136,"y":1,"height":163,"name":"Mechanic/net","x":1},{"width":75,"y":166,"height":34,"name":"Mechanic/wrench","x":380},{"width":35,"y":166,"height":79,"name":"Mechanic/right_hand","x":343},{"width":48,"y":166,"height":80,"name":"Mechanic/body","x":251},{"width":40,"y":166,"height":83,"name":"Mechanic/left_hand","x":301},{"width":75,"y":166,"height":71,"name":"Mechanic/kepala","x":102},{"width":70,"y":166,"height":61,"name":"Mechanic/gas_mask","x":179},{"width":99,"y":166,"height":69,"name":"Mechanic/topi","x":1}]}