{"frameRate":24,"isGlobal":0,"armature":[{"defaultActions":[{"gotoAndPlay":"Idle"}],"animation":[{"ik":[],"duration":16,"frame":[],"bone":[{"rotateFrame":[{"duration":8,"tweenEasing":0},{"duration":8,"tweenEasing":0},{"duration":0}],"name":"root","translateFrame":[{"duration":8,"tweenEasing":0},{"duration":8,"tweenEasing":0},{"duration":0}],"scaleFrame":[{"duration":8,"tweenEasing":0},{"duration":8,"tweenEasing":0},{"duration":0}]},{"rotateFrame":[{"duration":8,"tweenEasing":0},{"duration":8,"tweenEasing":0},{"duration":0}],"name":"pelvis","translateFrame":[{"duration":8,"tweenEasing":0},{"duration":8,"tweenEasing":0},{"duration":0}],"scaleFrame":[{"duration":8,"tweenEasing":0},{"duration":8,"tweenEasing":0},{"duration":0}]},{"rotateFrame":[{"duration":8,"tweenEasing":0},{"duration":8,"tweenEasing":0},{"duration":0}],"name":"leg_left","translateFrame":[{"duration":8,"tweenEasing":0},{"duration":8,"tweenEasing":0},{"duration":0}],"scaleFrame":[{"duration":8,"tweenEasing":0},{"duration":8,"tweenEasing":0},{"duration":0}]},{"rotateFrame":[{"duration":8,"tweenEasing":0},{"duration":8,"tweenEasing":0,"rotate":2.3456},{"duration":0}],"name":"body","translateFrame":[{"duration":8,"tweenEasing":0},{"duration":8,"y":2.9362,"tweenEasing":0},{"duration":0}],"scaleFrame":[{"duration":8,"tweenEasing":0},{"duration":8,"tweenEasing":0},{"duration":0}]},{"rotateFrame":[{"duration":8,"tweenEasing":0},{"duration":8,"tweenEasing":0},{"duration":0}],"name":"right_leg","translateFrame":[{"duration":8,"tweenEasing":0},{"duration":8,"tweenEasing":0},{"duration":0}],"scaleFrame":[{"duration":8,"tweenEasing":0},{"duration":8,"tweenEasing":0},{"duration":0}]},{"rotateFrame":[{"duration":8,"tweenEasing":0},{"duration":8,"tweenEasing":0,"rotate":-0.092},{"duration":0}],"name":"body1","translateFrame":[{"duration":8,"tweenEasing":0},{"duration":8,"tweenEasing":0},{"duration":0}],"scaleFrame":[{"duration":8,"tweenEasing":0},{"duration":8,"tweenEasing":0},{"duration":0}]},{"rotateFrame":[{"duration":8,"tweenEasing":0},{"duration":8,"tweenEasing":0,"rotate":5.6727},{"duration":0}],"name":"right_hand","translateFrame":[{"duration":8,"tweenEasing":0},{"duration":8,"tweenEasing":0},{"duration":0}],"scaleFrame":[{"duration":8,"tweenEasing":0},{"duration":8,"tweenEasing":0},{"duration":0}]},{"rotateFrame":[{"duration":8,"tweenEasing":0},{"duration":8,"tweenEasing":0,"rotate":-2.2473},{"duration":0}],"name":"bone","translateFrame":[{"duration":8,"tweenEasing":0},{"duration":8,"tweenEasing":0},{"duration":0}],"scaleFrame":[{"duration":8,"tweenEasing":0},{"duration":8,"tweenEasing":0},{"duration":0}]},{"rotateFrame":[{"duration":8,"tweenEasing":0},{"duration":8,"tweenEasing":0,"rotate":2.3366},{"duration":0}],"name":"gas_mask","translateFrame":[{"duration":8,"tweenEasing":0},{"duration":8,"tweenEasing":0},{"duration":0}],"scaleFrame":[{"duration":8,"tweenEasing":0},{"duration":8,"tweenEasing":0},{"duration":0}]},{"rotateFrame":[{"duration":8,"tweenEasing":0},{"duration":8,"tweenEasing":0},{"duration":0}],"name":"gas_mask1","translateFrame":[{"duration":8,"tweenEasing":0},{"duration":8,"tweenEasing":0},{"duration":0}],"scaleFrame":[{"duration":8,"tweenEasing":0},{"duration":8,"tweenEasing":0},{"duration":0}]},{"rotateFrame":[{"duration":8,"tweenEasing":0},{"duration":8,"tweenEasing":0,"rotate":-12.5841},{"duration":0}],"name":"left_hand","translateFrame":[{"duration":8,"tweenEasing":0},{"duration":8,"tweenEasing":0},{"duration":0}],"scaleFrame":[{"duration":8,"tweenEasing":0},{"duration":8,"tweenEasing":0},{"duration":0}]},{"rotateFrame":[{"duration":8,"tweenEasing":0},{"duration":8,"tweenEasing":0},{"duration":0}],"name":"topi","translateFrame":[{"duration":8,"tweenEasing":0},{"duration":8,"y":0.1048,"tweenEasing":0,"x":-1.6605},{"duration":0}],"scaleFrame":[{"duration":8,"tweenEasing":0},{"duration":8,"tweenEasing":0},{"duration":0}]},{"rotateFrame":[{"duration":8,"tweenEasing":0},{"duration":8,"tweenEasing":0,"rotate":6.36},{"duration":0}],"name":"right_hand1","translateFrame":[{"duration":8,"tweenEasing":0},{"duration":8,"tweenEasing":0},{"duration":0}],"scaleFrame":[{"duration":8,"tweenEasing":0},{"duration":8,"tweenEasing":0},{"duration":0}]},{"rotateFrame":[{"duration":8,"tweenEasing":0},{"duration":8,"tweenEasing":0},{"duration":0}],"name":"wrench","translateFrame":[{"duration":8,"tweenEasing":0},{"duration":8,"tweenEasing":0},{"duration":0}],"scaleFrame":[{"duration":8,"tweenEasing":0},{"duration":8,"tweenEasing":0},{"duration":0}]},{"rotateFrame":[{"duration":8,"tweenEasing":0},{"duration":8,"tweenEasing":0},{"duration":0}],"name":"net","translateFrame":[{"duration":8,"tweenEasing":0},{"duration":8,"tweenEasing":0},{"duration":0}],"scaleFrame":[{"duration":8,"tweenEasing":0},{"duration":8,"tweenEasing":0},{"duration":0}]},{"rotateFrame":[{"duration":8,"tweenEasing":0},{"duration":8,"tweenEasing":0},{"duration":0}],"name":"net1","translateFrame":[{"duration":8,"tweenEasing":0},{"duration":8,"tweenEasing":0},{"duration":0}],"scaleFrame":[{"duration":8,"tweenEasing":0},{"duration":8,"tweenEasing":0},{"duration":0}]},{"rotateFrame":[{"duration":8,"tweenEasing":0},{"duration":8,"tweenEasing":0},{"duration":0}],"name":"net2","translateFrame":[{"duration":8,"tweenEasing":0},{"duration":8,"tweenEasing":0},{"duration":0}],"scaleFrame":[{"duration":8,"tweenEasing":0},{"duration":8,"tweenEasing":0},{"duration":0}]}],"slot":[{"colorFrame":[{"duration":8,"tweenEasing":0},{"duration":8,"tweenEasing":0},{"duration":0}],"displayFrame":[{"duration":8},{"duration":8},{"duration":0}],"name":"pelvis"},{"colorFrame":[{"duration":8,"tweenEasing":0},{"duration":8,"tweenEasing":0},{"duration":0}],"displayFrame":[{"duration":8},{"duration":8},{"duration":0}],"name":"right_leg"},{"colorFrame":[{"duration":8,"tweenEasing":0},{"duration":8,"tweenEasing":0},{"duration":0}],"displayFrame":[{"duration":8},{"duration":8},{"duration":0}],"name":"leg_left"},{"colorFrame":[{"duration":8,"tweenEasing":0},{"duration":8,"tweenEasing":0},{"duration":0}],"displayFrame":[{"value":-1,"duration":8},{"value":-1,"duration":8},{"value":-1,"duration":0}],"name":"net"},{"colorFrame":[{"duration":8,"tweenEasing":0},{"duration":8,"tweenEasing":0},{"duration":0}],"displayFrame":[{"duration":8},{"duration":8},{"duration":0}],"name":"wrench"},{"colorFrame":[{"duration":8,"tweenEasing":0},{"duration":8,"tweenEasing":0},{"duration":0}],"displayFrame":[{"duration":8},{"duration":8},{"duration":0}],"name":"right_hand"},{"colorFrame":[{"duration":8,"tweenEasing":0},{"duration":8,"tweenEasing":0},{"duration":0}],"displayFrame":[{"duration":8},{"duration":8},{"duration":0}],"name":"body"},{"colorFrame":[{"duration":8,"tweenEasing":0},{"duration":8,"tweenEasing":0},{"duration":0}],"displayFrame":[{"duration":8},{"duration":8},{"duration":0}],"name":"left_hand"},{"colorFrame":[{"duration":8,"tweenEasing":0},{"duration":8,"tweenEasing":0},{"duration":0}],"displayFrame":[{"duration":8},{"duration":8},{"duration":0}],"name":"kepala"},{"colorFrame":[{"duration":8,"tweenEasing":0},{"duration":8,"tweenEasing":0},{"duration":0}],"displayFrame":[{"duration":8},{"duration":8},{"duration":0}],"name":"gas_mask"},{"colorFrame":[{"duration":8,"tweenEasing":0},{"duration":8,"tweenEasing":0},{"duration":0}],"displayFrame":[{"duration":8},{"duration":8},{"duration":0}],"name":"topi"}],"ffd":[],"playTimes":0,"name":"Idle"},{"ik":[],"duration":16,"frame":[],"bone":[{"rotateFrame":[{"duration":8,"tweenEasing":0},{"duration":8,"tweenEasing":0},{"duration":0}],"name":"root","translateFrame":[{"duration":8,"tweenEasing":0},{"duration":8,"tweenEasing":0},{"duration":0}],"scaleFrame":[{"duration":8,"tweenEasing":0},{"duration":8,"tweenEasing":0},{"duration":0}]},{"rotateFrame":[{"duration":4,"tweenEasing":0},{"duration":4,"tweenEasing":0},{"duration":4,"tweenEasing":0},{"duration":4,"tweenEasing":0},{"duration":0}],"name":"pelvis","translateFrame":[{"duration":4,"tweenEasing":0},{"duration":4,"y":-7.1469,"tweenEasing":0},{"duration":4,"tweenEasing":0},{"duration":4,"y":-7.1469,"tweenEasing":0},{"duration":0}],"scaleFrame":[{"duration":4,"tweenEasing":0},{"duration":4,"tweenEasing":0},{"duration":4,"tweenEasing":0},{"duration":4,"tweenEasing":0},{"duration":0}]},{"rotateFrame":[{"duration":4,"tweenEasing":0,"rotate":24.849},{"duration":4,"tweenEasing":0,"rotate":-26.0224},{"duration":4,"tweenEasing":0,"rotate":24.849},{"duration":4,"tweenEasing":0,"rotate":67.4777},{"duration":0,"rotate":24.849}],"name":"leg_left","translateFrame":[{"duration":4,"tweenEasing":0},{"duration":4,"tweenEasing":0},{"duration":4,"tweenEasing":0},{"duration":4,"tweenEasing":0},{"duration":0}],"scaleFrame":[{"duration":4,"tweenEasing":0},{"duration":4,"tweenEasing":0},{"duration":4,"tweenEasing":0},{"duration":4,"tweenEasing":0},{"duration":0}]},{"rotateFrame":[{"duration":4,"tweenEasing":0},{"duration":4,"tweenEasing":0,"rotate":2.9168},{"duration":4,"tweenEasing":0},{"duration":4,"tweenEasing":0,"rotate":5.5663},{"duration":0}],"name":"body","translateFrame":[{"duration":4,"tweenEasing":0},{"duration":4,"tweenEasing":0},{"duration":4,"tweenEasing":0},{"duration":4,"tweenEasing":0},{"duration":0}],"scaleFrame":[{"duration":4,"tweenEasing":0},{"duration":4,"tweenEasing":0},{"duration":4,"tweenEasing":0},{"duration":4,"tweenEasing":0},{"duration":0}]},{"rotateFrame":[{"duration":4,"tweenEasing":0,"rotate":-15.8573},{"duration":4,"tweenEasing":0,"rotate":47.5247},{"duration":4,"tweenEasing":0,"rotate":-15.8573},{"duration":4,"tweenEasing":0,"rotate":-53.0037},{"duration":0,"rotate":-15.8573}],"name":"right_leg","translateFrame":[{"duration":4,"tweenEasing":0},{"duration":4,"tweenEasing":0},{"duration":4,"tweenEasing":0},{"duration":4,"tweenEasing":0},{"duration":0}],"scaleFrame":[{"duration":4,"tweenEasing":0},{"duration":4,"tweenEasing":0},{"duration":4,"tweenEasing":0},{"duration":4,"tweenEasing":0},{"duration":0}]},{"rotateFrame":[{"duration":4,"tweenEasing":0},{"duration":4,"tweenEasing":0},{"duration":4,"tweenEasing":0},{"duration":4,"tweenEasing":0},{"duration":0}],"name":"body1","translateFrame":[{"duration":4,"tweenEasing":0},{"duration":4,"tweenEasing":0},{"duration":4,"tweenEasing":0},{"duration":4,"tweenEasing":0},{"duration":0}],"scaleFrame":[{"duration":4,"tweenEasing":0},{"duration":4,"tweenEasing":0},{"duration":4,"tweenEasing":0},{"duration":4,"tweenEasing":0},{"duration":0}]},{"rotateFrame":[{"duration":4,"tweenEasing":0},{"duration":4,"tweenEasing":0,"rotate":-21.7083},{"duration":4,"tweenEasing":0,"rotate":-9.6115},{"duration":4,"tweenEasing":0},{"duration":0,"rotate":-0.7216}],"name":"right_hand","translateFrame":[{"duration":4,"tweenEasing":0},{"duration":4,"tweenEasing":0},{"duration":4,"tweenEasing":0},{"duration":4,"tweenEasing":0},{"duration":0}],"scaleFrame":[{"duration":4,"tweenEasing":0},{"duration":4,"tweenEasing":0},{"duration":4,"tweenEasing":0},{"duration":4,"tweenEasing":0},{"duration":0}]},{"rotateFrame":[{"duration":4,"tweenEasing":0},{"duration":4,"tweenEasing":0,"rotate":20.7995},{"duration":4,"tweenEasing":0},{"duration":4,"tweenEasing":0,"rotate":-5.8413},{"duration":0}],"name":"bone","translateFrame":[{"duration":4,"tweenEasing":0},{"duration":4,"tweenEasing":0},{"duration":4,"tweenEasing":0},{"duration":4,"tweenEasing":0},{"duration":0}],"scaleFrame":[{"duration":4,"tweenEasing":0},{"duration":4,"tweenEasing":0},{"duration":4,"tweenEasing":0},{"duration":4,"tweenEasing":0},{"duration":0}]},{"rotateFrame":[{"duration":4,"tweenEasing":0},{"duration":4,"tweenEasing":0},{"duration":4,"tweenEasing":0},{"duration":4,"tweenEasing":0},{"duration":0}],"name":"gas_mask","translateFrame":[{"duration":4,"tweenEasing":0},{"duration":4,"tweenEasing":0},{"duration":4,"tweenEasing":0},{"duration":4,"tweenEasing":0},{"duration":0}],"scaleFrame":[{"duration":4,"tweenEasing":0},{"duration":4,"tweenEasing":0},{"duration":4,"tweenEasing":0},{"duration":4,"tweenEasing":0},{"duration":0}]},{"rotateFrame":[{"duration":4,"tweenEasing":0},{"duration":4,"tweenEasing":0},{"duration":4,"tweenEasing":0},{"duration":4,"tweenEasing":0},{"duration":0}],"name":"gas_mask1","translateFrame":[{"duration":4,"tweenEasing":0},{"duration":4,"tweenEasing":0},{"duration":4,"tweenEasing":0},{"duration":4,"tweenEasing":0},{"duration":0}],"scaleFrame":[{"duration":4,"tweenEasing":0},{"duration":4,"tweenEasing":0},{"duration":4,"tweenEasing":0},{"duration":4,"tweenEasing":0},{"duration":0}]},{"rotateFrame":[{"duration":4,"tweenEasing":0},{"duration":4,"tweenEasing":0,"rotate":29.9576},{"duration":4,"tweenEasing":0},{"duration":4,"tweenEasing":0,"rotate":-35.0862},{"duration":0}],"name":"left_hand","translateFrame":[{"duration":4,"tweenEasing":0},{"duration":4,"tweenEasing":0},{"duration":4,"tweenEasing":0},{"duration":4,"tweenEasing":0},{"duration":0}],"scaleFrame":[{"duration":4,"tweenEasing":0},{"duration":4,"tweenEasing":0},{"duration":4,"tweenEasing":0},{"duration":4,"tweenEasing":0},{"duration":0}]},{"rotateFrame":[{"duration":4,"tweenEasing":0},{"duration":4,"tweenEasing":0},{"duration":4,"tweenEasing":0},{"duration":4,"tweenEasing":0},{"duration":0}],"name":"topi","translateFrame":[{"duration":4,"tweenEasing":0},{"duration":4,"y":0.1608,"tweenEasing":0,"x":5.2386},{"duration":4,"tweenEasing":0},{"duration":4,"y":0.1608,"tweenEasing":0,"x":5.2386},{"duration":0}],"scaleFrame":[{"duration":4,"tweenEasing":0},{"duration":4,"tweenEasing":0},{"duration":4,"tweenEasing":0},{"duration":4,"tweenEasing":0},{"duration":0}]},{"rotateFrame":[{"duration":4,"tweenEasing":0,"rotate":13.9074},{"duration":4,"tweenEasing":0,"rotate":36.156},{"duration":4,"tweenEasing":0,"rotate":11.2792},{"duration":4,"tweenEasing":0,"rotate":36.4942},{"duration":0,"rotate":13.9074}],"name":"right_hand1","translateFrame":[{"duration":4,"tweenEasing":0},{"duration":4,"tweenEasing":0},{"duration":4,"tweenEasing":0},{"duration":4,"tweenEasing":0},{"duration":0}],"scaleFrame":[{"duration":4,"tweenEasing":0},{"duration":4,"tweenEasing":0},{"duration":4,"tweenEasing":0},{"duration":4,"tweenEasing":0},{"duration":0}]},{"rotateFrame":[{"duration":4,"tweenEasing":0},{"duration":4,"tweenEasing":0},{"duration":4,"tweenEasing":0},{"duration":4,"tweenEasing":0},{"duration":0}],"name":"wrench","translateFrame":[{"duration":4,"tweenEasing":0},{"duration":4,"tweenEasing":0},{"duration":4,"tweenEasing":0},{"duration":4,"tweenEasing":0},{"duration":0}],"scaleFrame":[{"duration":4,"tweenEasing":0},{"duration":4,"tweenEasing":0},{"duration":4,"tweenEasing":0},{"duration":4,"tweenEasing":0},{"duration":0}]},{"rotateFrame":[{"duration":4,"tweenEasing":0},{"duration":4,"tweenEasing":0},{"duration":4,"tweenEasing":0},{"duration":4,"curve":[0.5,0,0.5,1]},{"duration":0}],"name":"net","translateFrame":[{"duration":4,"tweenEasing":0},{"duration":4,"tweenEasing":0},{"duration":4,"tweenEasing":0},{"duration":4,"curve":[0.5,0,0.5,1]},{"duration":0}],"scaleFrame":[{"duration":4,"tweenEasing":0},{"duration":4,"tweenEasing":0},{"duration":4,"tweenEasing":0},{"duration":4,"curve":[0.5,0,0.5,1]},{"duration":0}]},{"rotateFrame":[{"duration":4,"tweenEasing":0},{"duration":4,"tweenEasing":0},{"duration":4,"tweenEasing":0},{"duration":4,"tweenEasing":0},{"duration":0}],"name":"net1","translateFrame":[{"duration":4,"tweenEasing":0},{"duration":4,"tweenEasing":0},{"duration":4,"tweenEasing":0},{"duration":4,"tweenEasing":0},{"duration":0}],"scaleFrame":[{"duration":4,"tweenEasing":0},{"duration":4,"tweenEasing":0},{"duration":4,"tweenEasing":0},{"duration":4,"tweenEasing":0},{"duration":0}]},{"rotateFrame":[{"duration":4,"tweenEasing":0},{"duration":4,"tweenEasing":0},{"duration":4,"tweenEasing":0},{"duration":4,"tweenEasing":0},{"duration":0}],"name":"net2","translateFrame":[{"duration":4,"tweenEasing":0},{"duration":4,"tweenEasing":0},{"duration":4,"tweenEasing":0},{"duration":4,"tweenEasing":0},{"duration":0}],"scaleFrame":[{"duration":4,"tweenEasing":0},{"duration":4,"tweenEasing":0},{"duration":4,"tweenEasing":0},{"duration":4,"tweenEasing":0},{"duration":0}]}],"slot":[{"colorFrame":[{"duration":12,"tweenEasing":0},{"duration":4,"tweenEasing":0},{"duration":0}],"displayFrame":[{"duration":12},{"duration":4},{"duration":0}],"name":"pelvis"},{"colorFrame":[{"duration":8,"tweenEasing":0},{"duration":4,"tweenEasing":0},{"duration":4,"tweenEasing":0},{"duration":0}],"displayFrame":[{"duration":8},{"duration":4},{"duration":4},{"duration":0}],"name":"right_leg"},{"colorFrame":[{"duration":8,"tweenEasing":0},{"duration":4,"tweenEasing":0},{"duration":4,"tweenEasing":0},{"duration":0}],"displayFrame":[{"duration":8},{"duration":4},{"duration":4},{"duration":0}],"name":"leg_left"},{"colorFrame":[{"duration":12,"tweenEasing":0},{"duration":4,"tweenEasing":0},{"duration":0}],"displayFrame":[{"value":-1,"duration":4},{"value":-1,"duration":8},{"value":-1,"duration":4},{"value":-1,"duration":0}],"name":"net"},{"colorFrame":[{"duration":12,"tweenEasing":0},{"duration":4,"tweenEasing":0},{"duration":0}],"displayFrame":[{"duration":12},{"duration":4},{"duration":0}],"name":"wrench"},{"colorFrame":[{"duration":12,"tweenEasing":0},{"duration":4,"tweenEasing":0},{"duration":0}],"displayFrame":[{"duration":12},{"duration":4},{"duration":0}],"name":"right_hand"},{"colorFrame":[{"duration":12,"tweenEasing":0},{"duration":4,"tweenEasing":0},{"duration":0}],"displayFrame":[{"duration":12},{"duration":4},{"duration":0}],"name":"body"},{"colorFrame":[{"duration":12,"tweenEasing":0},{"duration":4,"tweenEasing":0},{"duration":0}],"displayFrame":[{"duration":12},{"duration":4},{"duration":0}],"name":"left_hand"},{"colorFrame":[{"duration":12,"tweenEasing":0},{"duration":4,"tweenEasing":0},{"duration":0}],"displayFrame":[{"duration":12},{"duration":4},{"duration":0}],"name":"kepala"},{"colorFrame":[{"duration":12,"tweenEasing":0},{"duration":4,"tweenEasing":0},{"duration":0}],"displayFrame":[{"duration":12},{"duration":4},{"duration":0}],"name":"gas_mask"},{"colorFrame":[{"duration":12,"tweenEasing":0},{"duration":4,"tweenEasing":0},{"duration":0}],"displayFrame":[{"duration":12},{"duration":4},{"duration":0}],"name":"topi"}],"ffd":[],"playTimes":0,"name":"Run"},{"ik":[],"duration":40,"frame":[],"bone":[{"rotateFrame":[{"duration":8,"tweenEasing":0},{"duration":8,"tweenEasing":0},{"duration":24}],"name":"root","translateFrame":[{"duration":8,"tweenEasing":0},{"duration":8,"tweenEasing":0},{"duration":4,"tweenEasing":0},{"duration":20}],"scaleFrame":[{"duration":8,"tweenEasing":0},{"duration":8,"tweenEasing":0},{"duration":24}]},{"rotateFrame":[{"duration":8,"tweenEasing":0},{"duration":8,"tweenEasing":0},{"duration":8,"tweenEasing":0},{"duration":8,"tweenEasing":0},{"duration":8,"tweenEasing":0},{"duration":0}],"name":"pelvis","translateFrame":[{"duration":8,"tweenEasing":0},{"duration":8,"tweenEasing":0},{"duration":8,"tweenEasing":0},{"duration":8,"tweenEasing":0},{"duration":8,"tweenEasing":0},{"duration":0}],"scaleFrame":[{"duration":8,"tweenEasing":0},{"duration":8,"tweenEasing":0},{"duration":8,"tweenEasing":0},{"duration":8,"tweenEasing":0},{"duration":8,"tweenEasing":0},{"duration":0}]},{"rotateFrame":[{"duration":8,"tweenEasing":0},{"duration":8,"tweenEasing":0},{"duration":8,"tweenEasing":0},{"duration":8,"tweenEasing":0},{"duration":8,"tweenEasing":0},{"duration":0}],"name":"leg_left","translateFrame":[{"duration":8,"tweenEasing":0},{"duration":8,"tweenEasing":0},{"duration":8,"tweenEasing":0},{"duration":8,"tweenEasing":0},{"duration":8,"tweenEasing":0},{"duration":0}],"scaleFrame":[{"duration":8,"tweenEasing":0},{"duration":8,"tweenEasing":0},{"duration":8,"tweenEasing":0},{"duration":8,"tweenEasing":0},{"duration":8,"tweenEasing":0},{"duration":0}]},{"rotateFrame":[{"duration":8,"tweenEasing":0},{"duration":8,"tweenEasing":0,"rotate":-14.4706},{"duration":8,"tweenEasing":0,"rotate":-5.4341},{"duration":8,"tweenEasing":0,"rotate":-14.4706},{"duration":8,"tweenEasing":0,"rotate":-5.4341},{"duration":0}],"name":"body","translateFrame":[{"duration":8,"tweenEasing":0},{"duration":8,"y":16.5374,"tweenEasing":0,"x":-5.4279},{"duration":8,"y":5.5801,"tweenEasing":0,"x":-5.4279},{"duration":8,"y":16.5374,"tweenEasing":0,"x":-5.4279},{"duration":8,"y":5.5801,"tweenEasing":0,"x":-5.4279},{"duration":0}],"scaleFrame":[{"duration":8,"tweenEasing":0},{"duration":8,"tweenEasing":0},{"duration":8,"tweenEasing":0},{"duration":8,"tweenEasing":0},{"duration":8,"tweenEasing":0},{"duration":0}]},{"rotateFrame":[{"duration":8,"tweenEasing":0},{"duration":8,"tweenEasing":0},{"duration":8,"tweenEasing":0},{"duration":8,"tweenEasing":0},{"duration":8,"tweenEasing":0},{"duration":0}],"name":"right_leg","translateFrame":[{"duration":8,"tweenEasing":0},{"duration":8,"tweenEasing":0},{"duration":8,"tweenEasing":0},{"duration":8,"tweenEasing":0},{"duration":8,"tweenEasing":0},{"duration":0}],"scaleFrame":[{"duration":8,"tweenEasing":0},{"duration":8,"tweenEasing":0},{"duration":8,"tweenEasing":0},{"duration":8,"tweenEasing":0},{"duration":8,"tweenEasing":0},{"duration":0}]},{"rotateFrame":[{"duration":8,"tweenEasing":0},{"duration":8,"tweenEasing":0,"rotate":-15.8037},{"duration":8,"tweenEasing":0,"rotate":-15.8037},{"duration":8,"tweenEasing":0,"rotate":-15.8037},{"duration":8,"tweenEasing":0,"rotate":-15.8037},{"duration":0}],"name":"body1","translateFrame":[{"duration":8,"tweenEasing":0},{"duration":8,"tweenEasing":0},{"duration":8,"tweenEasing":0},{"duration":8,"tweenEasing":0},{"duration":8,"tweenEasing":0},{"duration":0}],"scaleFrame":[{"duration":8,"tweenEasing":0},{"duration":8,"tweenEasing":0},{"duration":8,"tweenEasing":0},{"duration":8,"tweenEasing":0},{"duration":8,"tweenEasing":0},{"duration":0}]},{"rotateFrame":[{"duration":8,"tweenEasing":0},{"duration":8,"tweenEasing":0,"rotate":5.6586},{"duration":8,"tweenEasing":0,"rotate":5.6586},{"duration":8,"tweenEasing":0,"rotate":5.6586},{"duration":8,"tweenEasing":0,"rotate":5.6586},{"duration":0}],"name":"right_hand","translateFrame":[{"duration":8,"tweenEasing":0},{"duration":8,"tweenEasing":0},{"duration":8,"tweenEasing":0},{"duration":8,"tweenEasing":0},{"duration":8,"tweenEasing":0},{"duration":0}],"scaleFrame":[{"duration":8,"tweenEasing":0},{"duration":8,"tweenEasing":0},{"duration":8,"tweenEasing":0},{"duration":8,"tweenEasing":0},{"duration":8,"tweenEasing":0},{"duration":0}]},{"rotateFrame":[{"duration":8,"tweenEasing":0},{"duration":8,"tweenEasing":0,"rotate":-305.1319},{"duration":8,"tweenEasing":0,"rotate":-305.1319},{"duration":8,"tweenEasing":0,"rotate":-305.1319},{"duration":8,"tweenEasing":0,"rotate":-305.1319},{"duration":0}],"name":"bone","translateFrame":[{"duration":8,"tweenEasing":0},{"duration":8,"tweenEasing":0},{"duration":8,"tweenEasing":0},{"duration":8,"tweenEasing":0},{"duration":8,"tweenEasing":0},{"duration":0}],"scaleFrame":[{"duration":8,"tweenEasing":0},{"duration":8,"tweenEasing":0},{"duration":8,"tweenEasing":0},{"duration":8,"tweenEasing":0},{"duration":8,"tweenEasing":0},{"duration":0}]},{"rotateFrame":[{"duration":8,"tweenEasing":0},{"duration":8,"tweenEasing":0,"rotate":-0.2537},{"duration":8,"tweenEasing":0,"rotate":-0.2537},{"duration":8,"tweenEasing":0,"rotate":-0.2537},{"duration":8,"tweenEasing":0,"rotate":-0.2537},{"duration":0}],"name":"gas_mask","translateFrame":[{"duration":8,"tweenEasing":0},{"duration":8,"tweenEasing":0},{"duration":8,"tweenEasing":0},{"duration":8,"tweenEasing":0},{"duration":8,"tweenEasing":0},{"duration":0}],"scaleFrame":[{"duration":8,"tweenEasing":0},{"duration":8,"tweenEasing":0},{"duration":8,"tweenEasing":0},{"duration":8,"tweenEasing":0},{"duration":8,"tweenEasing":0},{"duration":0}]},{"rotateFrame":[{"duration":8,"tweenEasing":0},{"duration":8,"tweenEasing":0},{"duration":8,"tweenEasing":0},{"duration":8,"tweenEasing":0},{"duration":8,"tweenEasing":0},{"duration":0}],"name":"gas_mask1","translateFrame":[{"duration":8,"tweenEasing":0},{"duration":8,"tweenEasing":0},{"duration":8,"tweenEasing":0},{"duration":8,"tweenEasing":0},{"duration":8,"tweenEasing":0},{"duration":0}],"scaleFrame":[{"duration":8,"tweenEasing":0},{"duration":8,"tweenEasing":0},{"duration":8,"tweenEasing":0},{"duration":8,"tweenEasing":0},{"duration":8,"tweenEasing":0},{"duration":0}]},{"rotateFrame":[{"duration":8,"tweenEasing":0},{"duration":8,"tweenEasing":0,"rotate":-7.9306},{"duration":8,"tweenEasing":0,"rotate":-42.1237},{"duration":8,"tweenEasing":0,"rotate":-7.9306},{"duration":8,"tweenEasing":0,"rotate":-42.1237},{"duration":0}],"name":"left_hand","translateFrame":[{"duration":8,"tweenEasing":0},{"duration":8,"tweenEasing":0},{"duration":8,"tweenEasing":0},{"duration":8,"tweenEasing":0},{"duration":8,"tweenEasing":0},{"duration":0}],"scaleFrame":[{"duration":8,"tweenEasing":0},{"duration":8,"tweenEasing":0},{"duration":8,"tweenEasing":0},{"duration":8,"tweenEasing":0},{"duration":8,"tweenEasing":0},{"duration":0}]},{"rotateFrame":[{"duration":8,"tweenEasing":0},{"duration":8,"tweenEasing":0},{"duration":8,"tweenEasing":0},{"duration":8,"tweenEasing":0},{"duration":8,"tweenEasing":0},{"duration":0}],"name":"topi","translateFrame":[{"duration":8,"tweenEasing":0},{"duration":8,"tweenEasing":0},{"duration":8,"tweenEasing":0},{"duration":8,"tweenEasing":0},{"duration":8,"tweenEasing":0},{"duration":0}],"scaleFrame":[{"duration":8,"tweenEasing":0},{"duration":8,"tweenEasing":0},{"duration":8,"tweenEasing":0},{"duration":8,"tweenEasing":0},{"duration":8,"tweenEasing":0},{"duration":0}]},{"rotateFrame":[{"duration":8,"tweenEasing":0},{"duration":8,"tweenEasing":0,"rotate":3.6063},{"duration":8,"tweenEasing":0,"rotate":37.9126},{"duration":8,"tweenEasing":0,"rotate":3.6063},{"duration":8,"tweenEasing":0,"rotate":37.9126},{"duration":0}],"name":"right_hand1","translateFrame":[{"duration":8,"tweenEasing":0},{"duration":8,"tweenEasing":0},{"duration":8,"tweenEasing":0},{"duration":8,"tweenEasing":0},{"duration":8,"tweenEasing":0},{"duration":0}],"scaleFrame":[{"duration":8,"tweenEasing":0},{"duration":8,"tweenEasing":0},{"duration":8,"tweenEasing":0},{"duration":8,"tweenEasing":0},{"duration":8,"tweenEasing":0},{"duration":0}]},{"rotateFrame":[{"duration":8,"tweenEasing":0},{"duration":8,"tweenEasing":0},{"duration":8,"tweenEasing":0},{"duration":8,"tweenEasing":0},{"duration":8,"tweenEasing":0},{"duration":0}],"name":"wrench","translateFrame":[{"duration":8,"tweenEasing":0},{"duration":8,"tweenEasing":0},{"duration":8,"tweenEasing":0},{"duration":8,"tweenEasing":0},{"duration":8,"tweenEasing":0},{"duration":0}],"scaleFrame":[{"duration":8,"tweenEasing":0},{"duration":8,"tweenEasing":0},{"duration":8,"tweenEasing":0},{"duration":8,"tweenEasing":0},{"duration":8,"tweenEasing":0},{"duration":0}]},{"rotateFrame":[{"duration":8,"tweenEasing":0},{"duration":8,"tweenEasing":0},{"duration":8,"tweenEasing":0},{"duration":8,"tweenEasing":0},{"duration":8,"tweenEasing":0},{"duration":0}],"name":"net","translateFrame":[{"duration":8,"tweenEasing":0},{"duration":8,"tweenEasing":0},{"duration":8,"tweenEasing":0},{"duration":8,"tweenEasing":0},{"duration":8,"tweenEasing":0},{"duration":0}],"scaleFrame":[{"duration":8,"tweenEasing":0},{"duration":8,"tweenEasing":0},{"duration":8,"tweenEasing":0},{"duration":8,"tweenEasing":0},{"duration":8,"tweenEasing":0},{"duration":0}]},{"rotateFrame":[{"duration":8,"tweenEasing":0},{"duration":8,"tweenEasing":0},{"duration":8,"tweenEasing":0},{"duration":8,"tweenEasing":0},{"duration":8,"tweenEasing":0},{"duration":0}],"name":"net1","translateFrame":[{"duration":8,"tweenEasing":0},{"duration":8,"tweenEasing":0},{"duration":8,"tweenEasing":0},{"duration":8,"tweenEasing":0},{"duration":8,"tweenEasing":0},{"duration":0}],"scaleFrame":[{"duration":8,"tweenEasing":0},{"duration":8,"tweenEasing":0},{"duration":8,"tweenEasing":0},{"duration":8,"tweenEasing":0},{"duration":8,"tweenEasing":0},{"duration":0}]},{"rotateFrame":[{"duration":8,"tweenEasing":0},{"duration":8,"tweenEasing":0},{"duration":8,"tweenEasing":0},{"duration":8,"tweenEasing":0},{"duration":8,"tweenEasing":0},{"duration":0}],"name":"net2","translateFrame":[{"duration":8,"tweenEasing":0},{"duration":8,"tweenEasing":0},{"duration":8,"tweenEasing":0},{"duration":8,"tweenEasing":0},{"duration":8,"tweenEasing":0},{"duration":0}],"scaleFrame":[{"duration":8,"tweenEasing":0},{"duration":8,"tweenEasing":0},{"duration":8,"tweenEasing":0},{"duration":8,"tweenEasing":0},{"duration":8,"tweenEasing":0},{"duration":0}]}],"slot":[{"colorFrame":[{"duration":8,"tweenEasing":0},{"duration":8,"tweenEasing":0},{"duration":8,"tweenEasing":0},{"duration":8,"tweenEasing":0},{"duration":8,"tweenEasing":0},{"duration":0}],"displayFrame":[{"duration":8},{"duration":8},{"duration":8},{"duration":8},{"duration":8},{"duration":0}],"name":"pelvis"},{"colorFrame":[{"duration":8,"tweenEasing":0},{"duration":8,"tweenEasing":0},{"duration":8,"tweenEasing":0},{"duration":8,"tweenEasing":0},{"duration":8,"tweenEasing":0},{"duration":0}],"displayFrame":[{"duration":8},{"duration":8},{"duration":8},{"duration":8},{"duration":8},{"duration":0}],"name":"right_leg"},{"colorFrame":[{"duration":8,"tweenEasing":0},{"duration":8,"tweenEasing":0},{"duration":8,"tweenEasing":0},{"duration":8,"tweenEasing":0},{"duration":8,"tweenEasing":0},{"duration":0}],"displayFrame":[{"duration":8},{"duration":8},{"duration":8},{"duration":8},{"duration":8},{"duration":0}],"name":"leg_left"},{"colorFrame":[{"duration":8,"tweenEasing":0},{"duration":8,"tweenEasing":0},{"duration":8,"tweenEasing":0},{"duration":8,"tweenEasing":0},{"duration":8,"tweenEasing":0},{"duration":0}],"displayFrame":[{"value":-1,"duration":8},{"value":-1,"duration":8},{"value":-1,"duration":8},{"value":-1,"duration":8},{"value":-1,"duration":8},{"value":-1,"duration":0}],"name":"net"},{"colorFrame":[{"duration":8,"tweenEasing":0},{"duration":8,"tweenEasing":0},{"duration":8,"tweenEasing":0},{"duration":8,"tweenEasing":0},{"duration":8,"tweenEasing":0},{"duration":0}],"displayFrame":[{"duration":8},{"duration":8},{"duration":8},{"duration":8},{"duration":8},{"duration":0}],"name":"wrench"},{"colorFrame":[{"duration":8,"tweenEasing":0},{"duration":8,"tweenEasing":0},{"duration":8,"tweenEasing":0},{"duration":8,"tweenEasing":0},{"duration":8,"tweenEasing":0},{"duration":0}],"displayFrame":[{"duration":8},{"duration":8},{"duration":8},{"duration":8},{"duration":8},{"duration":0}],"name":"right_hand"},{"colorFrame":[{"duration":8,"tweenEasing":0},{"duration":8,"tweenEasing":0},{"duration":8,"tweenEasing":0},{"duration":8,"tweenEasing":0},{"duration":8,"tweenEasing":0},{"duration":0}],"displayFrame":[{"duration":8},{"duration":8},{"duration":8},{"duration":8},{"duration":8},{"duration":0}],"name":"body"},{"colorFrame":[{"duration":8,"tweenEasing":0},{"duration":8,"tweenEasing":0},{"duration":8,"tweenEasing":0},{"duration":8,"tweenEasing":0},{"duration":8,"tweenEasing":0},{"duration":0}],"displayFrame":[{"duration":8},{"duration":8},{"duration":8},{"duration":8},{"duration":8},{"duration":0}],"name":"left_hand"},{"colorFrame":[{"duration":8,"tweenEasing":0},{"duration":8,"tweenEasing":0},{"duration":8,"tweenEasing":0},{"duration":8,"tweenEasing":0},{"duration":8,"tweenEasing":0},{"duration":0}],"displayFrame":[{"duration":8},{"duration":8},{"duration":8},{"duration":8},{"duration":8},{"duration":0}],"name":"kepala"},{"colorFrame":[{"duration":8,"tweenEasing":0},{"duration":8,"tweenEasing":0},{"duration":8,"tweenEasing":0},{"duration":8,"tweenEasing":0},{"duration":8,"tweenEasing":0},{"duration":0}],"displayFrame":[{"duration":8},{"duration":8},{"duration":8},{"duration":8},{"duration":8},{"duration":0}],"name":"gas_mask"},{"colorFrame":[{"duration":8,"tweenEasing":0},{"duration":8,"tweenEasing":0},{"duration":8,"tweenEasing":0},{"duration":8,"tweenEasing":0},{"duration":8,"tweenEasing":0},{"duration":0}],"displayFrame":[{"duration":8},{"duration":8},{"duration":8},{"duration":8},{"duration":8},{"duration":0}],"name":"topi"}],"ffd":[],"playTimes":0,"name":"ForageUp1"},{"ik":[],"duration":16,"frame":[],"bone":[{"rotateFrame":[{"duration":8,"tweenEasing":0},{"duration":8,"tweenEasing":0},{"duration":0}],"name":"root","translateFrame":[{"duration":8,"tweenEasing":0},{"duration":8,"tweenEasing":0},{"duration":0}],"scaleFrame":[{"duration":8,"tweenEasing":0},{"duration":8,"tweenEasing":0},{"duration":0}]},{"rotateFrame":[{"duration":16,"curve":[0.5,0,0.5,1]},{"duration":0}],"name":"pelvis","translateFrame":[{"duration":8,"curve":[0.5,0,0.5,1]},{"duration":8,"curve":[0.5,0,0.5,1]},{"duration":0}],"scaleFrame":[{"duration":16,"curve":[0.5,0,0.5,1]},{"duration":0}]},{"rotateFrame":[{"duration":8,"curve":[0.5,0,0.5,1],"rotate":52.2328},{"duration":8,"curve":[0.5,0,0.5,1],"rotate":93.2407},{"duration":0,"rotate":52.2328}],"name":"leg_left","translateFrame":[{"duration":8,"curve":[0.5,0,0.5,1]},{"duration":8,"curve":[0.5,0,0.5,1]},{"duration":0}],"scaleFrame":[{"duration":16,"curve":[0.5,0,0.5,1]},{"duration":0}]},{"rotateFrame":[{"duration":16,"curve":[0.5,0,0.5,1]},{"duration":0}],"name":"body","translateFrame":[{"duration":8,"curve":[0.5,0,0.5,1]},{"duration":8,"curve":[0.5,0,0.5,1]},{"duration":0}],"scaleFrame":[{"duration":16,"curve":[0.5,0,0.5,1]},{"duration":0}]},{"rotateFrame":[{"duration":8,"curve":[0.5,0,0.5,1],"rotate":84.8323},{"duration":8,"curve":[0.5,0,0.5,1],"rotate":40.281},{"duration":0,"rotate":84.8323}],"name":"right_leg","translateFrame":[{"duration":8,"curve":[0.5,0,0.5,1]},{"duration":8,"curve":[0.5,0,0.5,1]},{"duration":0}],"scaleFrame":[{"duration":16,"curve":[0.5,0,0.5,1]},{"duration":0}]},{"rotateFrame":[{"duration":8,"curve":[0.5,0,0.5,1]},{"duration":8,"curve":[0.5,0,0.5,1],"rotate":9.6476},{"duration":0}],"name":"body1","translateFrame":[{"duration":8,"curve":[0.5,0,0.5,1]},{"duration":8,"y":2.4858,"curve":[0.5,0,0.5,1],"x":-0.0589},{"duration":0}],"scaleFrame":[{"duration":16,"curve":[0.5,0,0.5,1]},{"duration":0}]},{"rotateFrame":[{"duration":16,"curve":[0.5,0,0.5,1],"rotate":46.2986},{"duration":0,"rotate":46.2986}],"name":"right_hand","translateFrame":[{"duration":8,"curve":[0.5,0,0.5,1]},{"duration":8,"curve":[0.5,0,0.5,1]},{"duration":0}],"scaleFrame":[{"duration":16,"curve":[0.5,0,0.5,1]},{"duration":0}]},{"rotateFrame":[{"duration":16,"curve":[0.5,0,0.5,1],"rotate":-285.7884},{"duration":0,"rotate":-285.7884}],"name":"bone","translateFrame":[{"duration":8,"curve":[0.5,0,0.5,1]},{"duration":8,"curve":[0.5,0,0.5,1]},{"duration":0}],"scaleFrame":[{"duration":16,"curve":[0.5,0,0.5,1]},{"duration":0}]},{"rotateFrame":[{"duration":8,"curve":[0.5,0,0.5,1],"rotate":-13.2101},{"duration":8,"curve":[0.5,0,0.5,1],"rotate":4.1038},{"duration":0,"rotate":-13.2101}],"name":"gas_mask","translateFrame":[{"duration":8,"curve":[0.5,0,0.5,1]},{"duration":8,"curve":[0.5,0,0.5,1]},{"duration":0}],"scaleFrame":[{"duration":16,"curve":[0.5,0,0.5,1]},{"duration":0}]},{"rotateFrame":[{"duration":16,"curve":[0.5,0,0.5,1]},{"duration":0}],"name":"gas_mask1","translateFrame":[{"duration":8,"curve":[0.5,0,0.5,1]},{"duration":8,"curve":[0.5,0,0.5,1]},{"duration":0}],"scaleFrame":[{"duration":16,"curve":[0.5,0,0.5,1]},{"duration":0}]},{"rotateFrame":[{"duration":8,"curve":[0.5,0,0.5,1],"rotate":33.077},{"duration":8,"curve":[0.5,0,0.5,1],"rotate":-11.9704},{"duration":0,"rotate":33.077}],"name":"left_hand","translateFrame":[{"duration":8,"curve":[0.5,0,0.5,1]},{"duration":8,"curve":[0.5,0,0.5,1]},{"duration":0}],"scaleFrame":[{"duration":16,"curve":[0.5,0,0.5,1]},{"duration":0}]},{"rotateFrame":[{"duration":16,"curve":[0.5,0,0.5,1]},{"duration":0}],"name":"topi","translateFrame":[{"duration":8,"curve":[0.5,0,0.5,1]},{"duration":8,"y":0.1891,"curve":[0.5,0,0.5,1],"x":8.6829},{"duration":0}],"scaleFrame":[{"duration":16,"curve":[0.5,0,0.5,1]},{"duration":0}]},{"rotateFrame":[{"duration":8,"curve":[0.5,0,0.5,1],"rotate":33.2014},{"duration":8,"curve":[0.5,0,0.5,1],"rotate":74.0055},{"duration":0,"rotate":33.2014}],"name":"right_hand1","translateFrame":[{"duration":8,"curve":[0.5,0,0.5,1]},{"duration":8,"curve":[0.5,0,0.5,1]},{"duration":0}],"scaleFrame":[{"duration":16,"curve":[0.5,0,0.5,1]},{"duration":0}]},{"rotateFrame":[{"duration":16,"curve":[0.5,0,0.5,1]},{"duration":0}],"name":"wrench","translateFrame":[{"duration":8,"curve":[0.5,0,0.5,1]},{"duration":8,"curve":[0.5,0,0.5,1]},{"duration":0}],"scaleFrame":[{"duration":16,"curve":[0.5,0,0.5,1]},{"duration":0}]},{"rotateFrame":[{"duration":16,"curve":[0.5,0,0.5,1]},{"duration":0}],"name":"net","translateFrame":[{"duration":8,"curve":[0.5,0,0.5,1]},{"duration":8,"curve":[0.5,0,0.5,1]},{"duration":0}],"scaleFrame":[{"duration":16,"curve":[0.5,0,0.5,1]},{"duration":0}]},{"rotateFrame":[{"duration":16,"curve":[0.5,0,0.5,1]},{"duration":0}],"name":"net1","translateFrame":[{"duration":8,"curve":[0.5,0,0.5,1]},{"duration":8,"curve":[0.5,0,0.5,1]},{"duration":0}],"scaleFrame":[{"duration":16,"curve":[0.5,0,0.5,1]},{"duration":0}]},{"rotateFrame":[{"duration":16,"curve":[0.5,0,0.5,1]},{"duration":0}],"name":"net2","translateFrame":[{"duration":8,"curve":[0.5,0,0.5,1]},{"duration":8,"curve":[0.5,0,0.5,1]},{"duration":0}],"scaleFrame":[{"duration":16,"curve":[0.5,0,0.5,1]},{"duration":0}]}],"slot":[{"colorFrame":[{"curve":[0.5,0,0.5,1],"duration":8},{"curve":[0.5,0,0.5,1],"duration":8},{"duration":0}],"displayFrame":[{"duration":8},{"duration":8},{"duration":0}],"name":"pelvis"},{"colorFrame":[{"curve":[0.5,0,0.5,1],"duration":8},{"curve":[0.5,0,0.5,1],"duration":8},{"duration":0}],"displayFrame":[{"duration":8},{"duration":8},{"duration":0}],"name":"right_leg"},{"colorFrame":[{"curve":[0.5,0,0.5,1],"duration":8},{"curve":[0.5,0,0.5,1],"duration":8},{"duration":0}],"displayFrame":[{"duration":8},{"duration":8},{"duration":0}],"name":"leg_left"},{"colorFrame":[{"curve":[0.5,0,0.5,1],"duration":8},{"curve":[0.5,0,0.5,1],"duration":8},{"duration":0}],"displayFrame":[{"value":-1,"duration":8},{"value":-1,"duration":8},{"value":-1,"duration":0}],"name":"net"},{"colorFrame":[{"curve":[0.5,0,0.5,1],"duration":8},{"curve":[0.5,0,0.5,1],"duration":8},{"duration":0}],"displayFrame":[{"duration":8},{"duration":8},{"duration":0}],"name":"wrench"},{"colorFrame":[{"curve":[0.5,0,0.5,1],"duration":8},{"curve":[0.5,0,0.5,1],"duration":8},{"duration":0}],"displayFrame":[{"duration":8},{"duration":8},{"duration":0}],"name":"right_hand"},{"colorFrame":[{"curve":[0.5,0,0.5,1],"duration":8},{"curve":[0.5,0,0.5,1],"duration":8},{"duration":0}],"displayFrame":[{"duration":8},{"duration":8},{"duration":0}],"name":"body"},{"colorFrame":[{"curve":[0.5,0,0.5,1],"duration":8},{"curve":[0.5,0,0.5,1],"duration":8},{"duration":0}],"displayFrame":[{"duration":8},{"duration":8},{"duration":0}],"name":"left_hand"},{"colorFrame":[{"curve":[0.5,0,0.5,1],"duration":8},{"curve":[0.5,0,0.5,1],"duration":8},{"duration":0}],"displayFrame":[{"duration":8},{"duration":8},{"duration":0}],"name":"kepala"},{"colorFrame":[{"curve":[0.5,0,0.5,1],"duration":8},{"curve":[0.5,0,0.5,1],"duration":8},{"duration":0}],"displayFrame":[{"duration":8},{"duration":8},{"duration":0}],"name":"gas_mask"},{"colorFrame":[{"curve":[0.5,0,0.5,1],"duration":8},{"curve":[0.5,0,0.5,1],"duration":8},{"duration":0}],"displayFrame":[{"duration":8},{"duration":8},{"duration":0}],"name":"topi"}],"ffd":[],"playTimes":0,"name":"Climbing"},{"ik":[],"duration":22,"frame":[],"bone":[{"rotateFrame":[{"duration":12,"tweenEasing":0},{"duration":10,"tweenEasing":0},{"duration":0}],"name":"root","translateFrame":[{"duration":12,"tweenEasing":0},{"duration":10,"tweenEasing":0},{"duration":0}],"scaleFrame":[{"duration":12,"tweenEasing":0},{"duration":10,"tweenEasing":0},{"duration":0}]},{"rotateFrame":[],"name":"pelvis","translateFrame":[{"duration":4,"curve":[0.5,0,0.5,1]},{"duration":2,"curve":[0.5,0,0.5,1]},{"duration":6,"curve":[0.5,0,0.5,1]},{"duration":4,"curve":[0.5,0,0.5,1]},{"duration":2,"curve":[0.5,0,0.5,1]},{"duration":4,"curve":[0.5,0,0.5,1]},{"duration":0}],"scaleFrame":[]},{"rotateFrame":[{"duration":4,"curve":[0.5,0,0.5,1],"rotate":5.6661},{"duration":2,"curve":[0.5,0,0.5,1],"rotate":-9.5412},{"duration":6,"curve":[0.5,0,0.5,1],"rotate":-9.5412},{"duration":4,"curve":[0.5,0,0.5,1],"rotate":5.6661},{"duration":2,"curve":[0.5,0,0.5,1],"rotate":-9.5412},{"duration":4,"curve":[0.5,0,0.5,1],"rotate":-9.5412},{"duration":0,"rotate":5.6661}],"name":"leg_left","translateFrame":[{"duration":4,"curve":[0.5,0,0.5,1]},{"duration":2,"curve":[0.5,0,0.5,1]},{"duration":6,"curve":[0.5,0,0.5,1]},{"duration":4,"curve":[0.5,0,0.5,1]},{"duration":2,"curve":[0.5,0,0.5,1]},{"duration":4,"curve":[0.5,0,0.5,1]},{"duration":0}],"scaleFrame":[{"duration":4},{"duration":2,"curve":[0.5,0,0.5,1]},{"duration":10,"curve":[0.5,0,0.5,1]},{"duration":2,"curve":[0.5,0,0.5,1]},{"duration":4}]},{"rotateFrame":[],"name":"body","translateFrame":[{"duration":4,"curve":[0.5,0,0.5,1],"x":4.9495},{"duration":2,"curve":[0.5,0,0.5,1],"x":-8.2162},{"duration":6,"curve":[0.5,0,0.5,1],"x":-8.2162},{"duration":4,"curve":[0.5,0,0.5,1],"x":4.9495},{"duration":2,"curve":[0.5,0,0.5,1],"x":-8.2162},{"duration":4,"curve":[0.5,0,0.5,1],"x":-8.2162},{"duration":0,"x":4.9495}],"scaleFrame":[]},{"rotateFrame":[{"duration":4,"curve":[0.5,0,0.5,1],"rotate":-15.1943},{"duration":2,"curve":[0.5,0,0.5,1],"rotate":11.2234},{"duration":6,"curve":[0.5,0,0.5,1],"rotate":11.2234},{"duration":4,"curve":[0.5,0,0.5,1],"rotate":-15.1943},{"duration":2,"curve":[0.5,0,0.5,1],"rotate":11.2234},{"duration":4,"curve":[0.5,0,0.5,1],"rotate":11.2234},{"duration":0,"rotate":-15.1943}],"name":"right_leg","translateFrame":[{"duration":4,"curve":[0.5,0,0.5,1]},{"duration":2,"curve":[0.5,0,0.5,1]},{"duration":6,"curve":[0.5,0,0.5,1]},{"duration":4,"curve":[0.5,0,0.5,1]},{"duration":2,"curve":[0.5,0,0.5,1]},{"duration":4,"curve":[0.5,0,0.5,1]},{"duration":0}],"scaleFrame":[]},{"rotateFrame":[{"duration":4,"curve":[0.5,0,0.5,1],"rotate":12.1013},{"duration":2,"curve":[0.5,0,0.5,1],"rotate":-21.1704},{"duration":6,"curve":[0.5,0,0.5,1],"rotate":-15.8345},{"duration":4,"curve":[0.5,0,0.5,1],"rotate":12.1013},{"duration":2,"curve":[0.5,0,0.5,1],"rotate":-21.1704},{"duration":4,"curve":[0.5,0,0.5,1],"rotate":-15.8345},{"duration":0,"rotate":12.1013}],"name":"body1","translateFrame":[{"duration":4,"curve":[0.5,0,0.5,1]},{"duration":2,"curve":[0.5,0,0.5,1]},{"duration":6,"curve":[0.5,0,0.5,1]},{"duration":4,"curve":[0.5,0,0.5,1]},{"duration":2,"curve":[0.5,0,0.5,1]},{"duration":4,"curve":[0.5,0,0.5,1]},{"duration":0}],"scaleFrame":[]},{"rotateFrame":[{"duration":4,"curve":[0.5,0,0.5,1],"rotate":55.4498},{"duration":2,"curve":[0.5,0,0.5,1],"rotate":48.0024},{"duration":6,"curve":[0.5,0,0.5,1],"rotate":48.0024},{"duration":4,"curve":[0.5,0,0.5,1],"rotate":55.4498},{"duration":2,"curve":[0.5,0,0.5,1],"rotate":48.0024},{"duration":4,"curve":[0.5,0,0.5,1],"rotate":48.0024},{"duration":0,"rotate":55.4498}],"name":"right_hand","translateFrame":[{"duration":4,"curve":[0.5,0,0.5,1]},{"duration":2,"curve":[0.5,0,0.5,1]},{"duration":6,"curve":[0.5,0,0.5,1]},{"duration":4,"curve":[0.5,0,0.5,1]},{"duration":2,"curve":[0.5,0,0.5,1]},{"duration":4,"curve":[0.5,0,0.5,1]},{"duration":0}],"scaleFrame":[]},{"rotateFrame":[{"duration":4,"curve":[0.5,0,0.5,1],"rotate":24.7695},{"duration":8,"curve":[0.5,0,0.5,1],"rotate":-20.4948},{"duration":4,"curve":[0.5,0,0.5,1],"rotate":24.7695},{"duration":6,"curve":[0.5,0,0.5,1],"rotate":-20.4948},{"duration":0,"rotate":24.7695}],"name":"bone","translateFrame":[{"duration":4,"curve":[0.5,0,0.5,1]},{"duration":2,"curve":[0.5,0,0.5,1]},{"duration":6,"curve":[0.5,0,0.5,1]},{"duration":4,"curve":[0.5,0,0.5,1]},{"duration":2,"curve":[0.5,0,0.5,1]},{"duration":4,"curve":[0.5,0,0.5,1]},{"duration":0}],"scaleFrame":[]},{"rotateFrame":[{"duration":4,"curve":[0.5,0,0.5,1],"rotate":13.2744},{"duration":2,"curve":[0.5,0,0.5,1],"rotate":0.1221},{"duration":6,"curve":[0.5,0,0.5,1],"rotate":12.2696},{"duration":4,"curve":[0.5,0,0.5,1],"rotate":13.2744},{"duration":2,"curve":[0.5,0,0.5,1],"rotate":0.1221},{"duration":4,"curve":[0.5,0,0.5,1],"rotate":12.2696},{"duration":0,"rotate":13.2744}],"name":"gas_mask","translateFrame":[{"duration":4,"curve":[0.5,0,0.5,1]},{"duration":2,"curve":[0.5,0,0.5,1]},{"duration":6,"curve":[0.5,0,0.5,1]},{"duration":4,"curve":[0.5,0,0.5,1]},{"duration":2,"curve":[0.5,0,0.5,1]},{"duration":4,"curve":[0.5,0,0.5,1]},{"duration":0}],"scaleFrame":[]},{"rotateFrame":[],"name":"gas_mask1","translateFrame":[{"duration":4,"curve":[0.5,0,0.5,1]},{"duration":2,"curve":[0.5,0,0.5,1]},{"duration":6,"curve":[0.5,0,0.5,1]},{"duration":4,"curve":[0.5,0,0.5,1]},{"duration":2,"curve":[0.5,0,0.5,1]},{"duration":4,"curve":[0.5,0,0.5,1]},{"duration":0}],"scaleFrame":[]},{"rotateFrame":[{"duration":4,"curve":[0.5,0,0.5,1],"rotate":-8.1657},{"duration":2,"curve":[0.5,0,0.5,1],"rotate":-31.1344},{"duration":6,"tweenEasing":0,"rotate":-44.0556},{"duration":4,"curve":[0.5,0,0.5,1],"rotate":-8.1657},{"duration":2,"curve":[0.5,0,0.5,1],"rotate":-31.1344},{"duration":4,"tweenEasing":0,"rotate":-44.0556},{"duration":0,"rotate":-8.1657}],"name":"left_hand","translateFrame":[{"duration":4,"curve":[0.5,0,0.5,1]},{"duration":2,"curve":[0.5,0,0.5,1]},{"duration":6,"curve":[0.5,0,0.5,1]},{"duration":4,"curve":[0.5,0,0.5,1]},{"duration":2,"curve":[0.5,0,0.5,1]},{"duration":4,"curve":[0.5,0,0.5,1]},{"duration":0}],"scaleFrame":[]},{"rotateFrame":[],"name":"topi","translateFrame":[{"duration":4,"curve":[0.5,0,0.5,1]},{"duration":2,"y":-1.4436,"curve":[0.5,0,0.5,1],"x":6.2703},{"duration":6,"y":-0.9848,"curve":[0.5,0,0.5,1],"x":10.0831},{"duration":4,"curve":[0.5,0,0.5,1]},{"duration":2,"y":-1.4436,"curve":[0.5,0,0.5,1],"x":6.2703},{"duration":4,"y":-0.9848,"curve":[0.5,0,0.5,1],"x":10.0831},{"duration":0}],"scaleFrame":[]},{"rotateFrame":[{"duration":4,"curve":[0.5,0,0.5,1],"rotate":107.9986},{"duration":2,"curve":[0.5,0,0.5,1],"rotate":18.2579},{"duration":6,"curve":[0.5,0,0.5,1],"rotate":18.2579},{"duration":4,"curve":[0.5,0,0.5,1],"rotate":107.9986},{"duration":2,"curve":[0.5,0,0.5,1],"rotate":18.2579},{"duration":4,"curve":[0.5,0,0.5,1],"rotate":18.2579},{"duration":0,"rotate":72.5699}],"name":"right_hand1","translateFrame":[{"duration":4,"curve":[0.5,0,0.5,1]},{"duration":2,"curve":[0.5,0,0.5,1]},{"duration":6,"curve":[0.5,0,0.5,1]},{"duration":4,"curve":[0.5,0,0.5,1]},{"duration":2,"curve":[0.5,0,0.5,1]},{"duration":4,"curve":[0.5,0,0.5,1]},{"duration":0}],"scaleFrame":[]},{"rotateFrame":[{"duration":4},{"duration":2,"curve":[0.5,0,0.5,1],"rotate":-19.8305},{"duration":10,"curve":[0.5,0,0.5,1],"rotate":-19.8305},{"duration":2,"curve":[0.5,0,0.5,1],"rotate":-19.8305},{"duration":4,"rotate":-19.8305}],"name":"wrench","translateFrame":[{"duration":4,"curve":[0.5,0,0.5,1]},{"duration":2,"curve":[0.5,0,0.5,1]},{"duration":6,"curve":[0.5,0,0.5,1]},{"duration":4,"curve":[0.5,0,0.5,1]},{"duration":2,"curve":[0.5,0,0.5,1]},{"duration":4,"curve":[0.5,0,0.5,1]},{"duration":0}],"scaleFrame":[]},{"rotateFrame":[{"duration":12,"curve":[0.5,0,0.5,1]},{"duration":10,"curve":[0.5,0,0.5,1]},{"duration":0}],"name":"net","translateFrame":[{"duration":12,"curve":[0.5,0,0.5,1]},{"duration":10,"curve":[0.5,0,0.5,1]},{"duration":0}],"scaleFrame":[{"duration":12,"curve":[0.5,0,0.5,1]},{"duration":10,"curve":[0.5,0,0.5,1]},{"duration":0}]},{"rotateFrame":[{"duration":12,"curve":[0.5,0,0.5,1]},{"duration":10,"curve":[0.5,0,0.5,1]},{"duration":0}],"name":"net1","translateFrame":[{"duration":12,"curve":[0.5,0,0.5,1]},{"duration":10,"curve":[0.5,0,0.5,1]},{"duration":0}],"scaleFrame":[{"duration":12,"curve":[0.5,0,0.5,1]},{"duration":10,"curve":[0.5,0,0.5,1]},{"duration":0}]},{"rotateFrame":[],"name":"net2","translateFrame":[{"duration":4,"curve":[0.5,0,0.5,1]},{"duration":2,"curve":[0.5,0,0.5,1]},{"duration":6,"curve":[0.5,0,0.5,1]},{"duration":4,"curve":[0.5,0,0.5,1]},{"duration":2,"curve":[0.5,0,0.5,1]},{"duration":4,"curve":[0.5,0,0.5,1]},{"duration":0}],"scaleFrame":[]}],"slot":[{"colorFrame":[{"curve":[0.5,0,0.5,1],"duration":4},{"curve":[0.5,0,0.5,1],"duration":2},{"curve":[0.5,0,0.5,1],"duration":6},{"curve":[0.5,0,0.5,1],"duration":4},{"curve":[0.5,0,0.5,1],"duration":2},{"curve":[0.5,0,0.5,1],"duration":4},{"duration":0}],"displayFrame":[{"duration":4},{"duration":2},{"duration":6},{"duration":4},{"duration":2},{"duration":4},{"duration":0}],"name":"pelvis"},{"colorFrame":[{"curve":[0.5,0,0.5,1],"duration":4},{"curve":[0.5,0,0.5,1],"duration":2},{"curve":[0.5,0,0.5,1],"duration":6},{"curve":[0.5,0,0.5,1],"duration":4},{"curve":[0.5,0,0.5,1],"duration":2},{"curve":[0.5,0,0.5,1],"duration":4},{"duration":0}],"displayFrame":[{"duration":4},{"duration":2},{"duration":6},{"duration":4},{"duration":2},{"duration":4},{"duration":0}],"name":"right_leg"},{"colorFrame":[{"curve":[0.5,0,0.5,1],"duration":4},{"curve":[0.5,0,0.5,1],"duration":2},{"curve":[0.5,0,0.5,1],"duration":6},{"curve":[0.5,0,0.5,1],"duration":4},{"curve":[0.5,0,0.5,1],"duration":2},{"curve":[0.5,0,0.5,1],"duration":4},{"duration":0}],"displayFrame":[{"duration":4},{"duration":2},{"duration":6},{"duration":4},{"duration":2},{"duration":4},{"duration":0}],"name":"leg_left"},{"colorFrame":[{"curve":[0.5,0,0.5,1],"duration":4},{"curve":[0.5,0,0.5,1],"duration":2},{"curve":[0.5,0,0.5,1],"duration":6},{"curve":[0.5,0,0.5,1],"duration":4},{"curve":[0.5,0,0.5,1],"duration":2},{"curve":[0.5,0,0.5,1],"duration":4},{"duration":0}],"displayFrame":[{"value":-1,"duration":4},{"value":-1,"duration":2},{"value":-1,"duration":6},{"value":-1,"duration":4},{"value":-1,"duration":2},{"value":-1,"duration":4},{"value":-1,"duration":0}],"name":"net"},{"colorFrame":[{"curve":[0.5,0,0.5,1],"duration":4},{"curve":[0.5,0,0.5,1],"duration":2},{"curve":[0.5,0,0.5,1],"duration":6},{"curve":[0.5,0,0.5,1],"duration":4},{"curve":[0.5,0,0.5,1],"duration":2},{"curve":[0.5,0,0.5,1],"duration":4},{"duration":0}],"displayFrame":[{"duration":4},{"duration":2},{"duration":6},{"duration":4},{"duration":2},{"duration":4},{"duration":0}],"name":"wrench"},{"colorFrame":[{"curve":[0.5,0,0.5,1],"duration":4},{"curve":[0.5,0,0.5,1],"duration":2},{"curve":[0.5,0,0.5,1],"duration":6},{"curve":[0.5,0,0.5,1],"duration":4},{"curve":[0.5,0,0.5,1],"duration":2},{"curve":[0.5,0,0.5,1],"duration":4},{"duration":0}],"displayFrame":[{"duration":4},{"duration":2},{"duration":6},{"duration":4},{"duration":2},{"duration":4},{"duration":0}],"name":"right_hand"},{"colorFrame":[{"curve":[0.5,0,0.5,1],"duration":4},{"curve":[0.5,0,0.5,1],"duration":2},{"curve":[0.5,0,0.5,1],"duration":6},{"curve":[0.5,0,0.5,1],"duration":4},{"curve":[0.5,0,0.5,1],"duration":2},{"curve":[0.5,0,0.5,1],"duration":4},{"duration":0}],"displayFrame":[{"duration":4},{"duration":2},{"duration":6},{"duration":4},{"duration":2},{"duration":4},{"duration":0}],"name":"body"},{"colorFrame":[{"curve":[0.5,0,0.5,1],"duration":4},{"curve":[0.5,0,0.5,1],"duration":2},{"curve":[0.5,0,0.5,1],"duration":6},{"curve":[0.5,0,0.5,1],"duration":4},{"curve":[0.5,0,0.5,1],"duration":2},{"curve":[0.5,0,0.5,1],"duration":4},{"duration":0}],"displayFrame":[{"duration":4},{"duration":2},{"duration":6},{"duration":4},{"duration":2},{"duration":4},{"duration":0}],"name":"left_hand"},{"colorFrame":[{"curve":[0.5,0,0.5,1],"duration":4},{"curve":[0.5,0,0.5,1],"duration":2},{"curve":[0.5,0,0.5,1],"duration":6},{"curve":[0.5,0,0.5,1],"duration":4},{"curve":[0.5,0,0.5,1],"duration":2},{"curve":[0.5,0,0.5,1],"duration":4},{"duration":0}],"displayFrame":[{"duration":4},{"duration":2},{"duration":6},{"duration":4},{"duration":2},{"duration":4},{"duration":0}],"name":"kepala"},{"colorFrame":[{"curve":[0.5,0,0.5,1],"duration":4},{"curve":[0.5,0,0.5,1],"duration":2},{"curve":[0.5,0,0.5,1],"duration":6},{"curve":[0.5,0,0.5,1],"duration":4},{"curve":[0.5,0,0.5,1],"duration":2},{"curve":[0.5,0,0.5,1],"duration":4},{"duration":0}],"displayFrame":[{"duration":4},{"duration":2},{"duration":6},{"duration":4},{"duration":2},{"duration":4},{"duration":0}],"name":"gas_mask"},{"colorFrame":[{"curve":[0.5,0,0.5,1],"duration":4},{"curve":[0.5,0,0.5,1],"duration":2},{"curve":[0.5,0,0.5,1],"duration":6},{"curve":[0.5,0,0.5,1],"duration":4},{"curve":[0.5,0,0.5,1],"duration":2},{"curve":[0.5,0,0.5,1],"duration":4},{"duration":0}],"displayFrame":[{"duration":4},{"duration":2},{"duration":6},{"duration":4},{"duration":2},{"duration":4},{"duration":0}],"name":"topi"}],"ffd":[],"playTimes":0,"name":"Fixing"},{"ik":[],"duration":25,"frame":[],"bone":[{"rotateFrame":[{"duration":12,"tweenEasing":0},{"duration":13,"tweenEasing":0},{"duration":0}],"name":"root","translateFrame":[{"duration":12,"tweenEasing":0},{"duration":13,"tweenEasing":0},{"duration":0}],"scaleFrame":[{"duration":12,"tweenEasing":0},{"duration":13,"tweenEasing":0},{"duration":0}]},{"rotateFrame":[{"duration":6,"tweenEasing":0},{"duration":6,"tweenEasing":0},{"duration":6,"tweenEasing":0},{"duration":7,"tweenEasing":0},{"duration":0}],"name":"pelvis","translateFrame":[{"duration":6,"tweenEasing":0},{"duration":6,"y":-7.1469,"tweenEasing":0},{"duration":6,"tweenEasing":0},{"duration":7,"y":-7.1469,"tweenEasing":0},{"duration":0}],"scaleFrame":[{"duration":6,"tweenEasing":0},{"duration":6,"tweenEasing":0},{"duration":6,"tweenEasing":0},{"duration":7,"tweenEasing":0},{"duration":0}]},{"rotateFrame":[{"duration":6,"tweenEasing":0,"rotate":24.849},{"duration":6,"tweenEasing":0,"rotate":-26.0224},{"duration":6,"tweenEasing":0,"rotate":24.849},{"duration":7,"tweenEasing":0,"rotate":67.4777},{"duration":0,"rotate":24.849}],"name":"leg_left","translateFrame":[{"duration":6,"tweenEasing":0},{"duration":6,"tweenEasing":0},{"duration":6,"tweenEasing":0},{"duration":7,"tweenEasing":0},{"duration":0}],"scaleFrame":[{"duration":6,"tweenEasing":0},{"duration":6,"tweenEasing":0},{"duration":6,"tweenEasing":0},{"duration":7,"tweenEasing":0},{"duration":0}]},{"rotateFrame":[{"duration":6,"tweenEasing":0},{"duration":6,"tweenEasing":0},{"duration":6,"tweenEasing":0},{"duration":7,"tweenEasing":0},{"duration":0}],"name":"body","translateFrame":[{"duration":6,"y":20.6645,"tweenEasing":0,"x":-15.8428},{"duration":6,"y":20.6645,"tweenEasing":0,"x":-15.8428},{"duration":6,"y":20.6645,"tweenEasing":0,"x":-15.8428},{"duration":7,"y":20.6645,"tweenEasing":0,"x":-15.8428},{"duration":0,"y":20.6645,"x":-15.8428}],"scaleFrame":[{"duration":6,"tweenEasing":0},{"duration":6,"tweenEasing":0},{"duration":6,"tweenEasing":0},{"duration":7,"tweenEasing":0},{"duration":0}]},{"rotateFrame":[{"duration":6,"tweenEasing":0,"rotate":-15.8573},{"duration":6,"tweenEasing":0,"rotate":47.5247},{"duration":6,"tweenEasing":0,"rotate":-15.8573},{"duration":7,"tweenEasing":0,"rotate":-53.0037},{"duration":0,"rotate":-15.8573}],"name":"right_leg","translateFrame":[{"duration":6,"tweenEasing":0},{"duration":6,"tweenEasing":0},{"duration":6,"tweenEasing":0},{"duration":7,"tweenEasing":0},{"duration":0}],"scaleFrame":[{"duration":6,"tweenEasing":0},{"duration":6,"tweenEasing":0},{"duration":6,"tweenEasing":0},{"duration":7,"tweenEasing":0},{"duration":0}]},{"rotateFrame":[{"duration":6,"tweenEasing":0,"rotate":-56.2009},{"duration":6,"tweenEasing":0,"rotate":-56.2009},{"duration":6,"tweenEasing":0,"rotate":-56.2009},{"duration":7,"tweenEasing":0,"rotate":-56.2009},{"duration":0,"rotate":-56.2009}],"name":"body1","translateFrame":[{"duration":6,"tweenEasing":0},{"duration":6,"tweenEasing":0},{"duration":6,"tweenEasing":0},{"duration":7,"tweenEasing":0},{"duration":0}],"scaleFrame":[{"duration":6,"tweenEasing":0},{"duration":6,"tweenEasing":0},{"duration":6,"tweenEasing":0},{"duration":7,"tweenEasing":0},{"duration":0}]},{"rotateFrame":[{"duration":6,"tweenEasing":0,"rotate":23.8321},{"duration":6,"tweenEasing":0,"rotate":2.2391},{"duration":6,"tweenEasing":0,"rotate":23.8321},{"duration":7,"tweenEasing":0,"rotate":2.2391},{"duration":0,"rotate":23.8321}],"name":"right_hand","translateFrame":[{"duration":6,"tweenEasing":0},{"duration":6,"tweenEasing":0},{"duration":6,"tweenEasing":0},{"duration":7,"tweenEasing":0},{"duration":0}],"scaleFrame":[{"duration":6,"tweenEasing":0},{"duration":6,"tweenEasing":0},{"duration":6,"tweenEasing":0},{"duration":7,"tweenEasing":0},{"duration":0}]},{"rotateFrame":[{"duration":6,"tweenEasing":0,"rotate":39.1729},{"duration":6,"tweenEasing":0,"rotate":48.5904},{"duration":6,"tweenEasing":0,"rotate":39.1729},{"duration":7,"tweenEasing":0,"rotate":48.5904},{"duration":0,"rotate":39.1729}],"name":"bone","translateFrame":[{"duration":6,"tweenEasing":0},{"duration":6,"tweenEasing":0},{"duration":6,"tweenEasing":0},{"duration":7,"tweenEasing":0},{"duration":0}],"scaleFrame":[{"duration":6,"tweenEasing":0},{"duration":6,"tweenEasing":0},{"duration":6,"tweenEasing":0},{"duration":7,"tweenEasing":0},{"duration":0}]},{"rotateFrame":[{"duration":6,"tweenEasing":0},{"duration":6,"tweenEasing":0,"rotate":-10.4696},{"duration":6,"tweenEasing":0},{"duration":7,"tweenEasing":0,"rotate":-10.4696},{"duration":0}],"name":"gas_mask","translateFrame":[{"duration":6,"tweenEasing":0},{"duration":6,"tweenEasing":0},{"duration":6,"tweenEasing":0},{"duration":7,"tweenEasing":0},{"duration":0}],"scaleFrame":[{"duration":6,"tweenEasing":0},{"duration":6,"tweenEasing":0},{"duration":6,"tweenEasing":0},{"duration":7,"tweenEasing":0},{"duration":0}]},{"rotateFrame":[{"duration":6,"tweenEasing":0},{"duration":6,"tweenEasing":0},{"duration":6,"tweenEasing":0},{"duration":7,"tweenEasing":0},{"duration":0}],"name":"gas_mask1","translateFrame":[{"duration":6,"tweenEasing":0},{"duration":6,"tweenEasing":0},{"duration":6,"tweenEasing":0},{"duration":7,"tweenEasing":0},{"duration":0}],"scaleFrame":[{"duration":6,"tweenEasing":0},{"duration":6,"tweenEasing":0},{"duration":6,"tweenEasing":0},{"duration":7,"tweenEasing":0},{"duration":0}]},{"rotateFrame":[{"duration":6,"tweenEasing":0},{"duration":6,"tweenEasing":0,"rotate":-2.8044},{"duration":6,"tweenEasing":0},{"duration":7,"tweenEasing":0,"rotate":-2.8044},{"duration":0}],"name":"left_hand","translateFrame":[{"duration":6,"tweenEasing":0},{"duration":6,"tweenEasing":0},{"duration":6,"tweenEasing":0},{"duration":7,"tweenEasing":0},{"duration":0}],"scaleFrame":[{"duration":6,"tweenEasing":0},{"duration":6,"tweenEasing":0},{"duration":6,"tweenEasing":0},{"duration":7,"tweenEasing":0},{"duration":0}]},{"rotateFrame":[{"duration":6,"tweenEasing":0},{"duration":6,"tweenEasing":0},{"duration":6,"tweenEasing":0},{"duration":7,"tweenEasing":0},{"duration":0}],"name":"topi","translateFrame":[{"duration":6,"tweenEasing":0},{"duration":6,"tweenEasing":0},{"duration":6,"tweenEasing":0},{"duration":7,"tweenEasing":0},{"duration":0}],"scaleFrame":[{"duration":6,"tweenEasing":0},{"duration":6,"tweenEasing":0},{"duration":6,"tweenEasing":0},{"duration":7,"tweenEasing":0},{"duration":0}]},{"rotateFrame":[{"duration":6,"tweenEasing":0,"rotate":13.9074},{"duration":6,"tweenEasing":0,"rotate":36.156},{"duration":6,"tweenEasing":0,"rotate":11.2792},{"duration":7,"tweenEasing":0,"rotate":36.4942},{"duration":0,"rotate":13.9074}],"name":"right_hand1","translateFrame":[{"duration":6,"tweenEasing":0},{"duration":6,"tweenEasing":0},{"duration":6,"tweenEasing":0},{"duration":7,"tweenEasing":0},{"duration":0}],"scaleFrame":[{"duration":6,"tweenEasing":0},{"duration":6,"tweenEasing":0},{"duration":6,"tweenEasing":0},{"duration":7,"tweenEasing":0},{"duration":0}]},{"rotateFrame":[{"duration":6,"tweenEasing":0},{"duration":6,"tweenEasing":0},{"duration":6,"tweenEasing":0},{"duration":7,"tweenEasing":0},{"duration":0}],"name":"wrench","translateFrame":[{"duration":6,"tweenEasing":0},{"duration":6,"tweenEasing":0},{"duration":6,"tweenEasing":0},{"duration":7,"tweenEasing":0},{"duration":0}],"scaleFrame":[{"duration":6,"tweenEasing":0},{"duration":6,"tweenEasing":0},{"duration":6,"tweenEasing":0},{"duration":7,"tweenEasing":0},{"duration":0}]},{"rotateFrame":[{"duration":6,"tweenEasing":0},{"duration":6,"tweenEasing":0},{"duration":6,"tweenEasing":0},{"duration":7,"curve":[0.5,0,0.5,1]},{"duration":0}],"name":"net","translateFrame":[{"duration":6,"tweenEasing":0},{"duration":6,"tweenEasing":0},{"duration":6,"tweenEasing":0},{"duration":7,"curve":[0.5,0,0.5,1]},{"duration":0}],"scaleFrame":[{"duration":6,"tweenEasing":0},{"duration":6,"tweenEasing":0},{"duration":6,"tweenEasing":0},{"duration":7,"curve":[0.5,0,0.5,1]},{"duration":0}]},{"rotateFrame":[{"duration":6,"tweenEasing":0},{"duration":6,"tweenEasing":0},{"duration":6,"tweenEasing":0},{"duration":7,"tweenEasing":0},{"duration":0}],"name":"net1","translateFrame":[{"duration":6,"tweenEasing":0},{"duration":6,"tweenEasing":0},{"duration":6,"tweenEasing":0},{"duration":7,"tweenEasing":0},{"duration":0}],"scaleFrame":[{"duration":6,"tweenEasing":0},{"duration":6,"tweenEasing":0},{"duration":6,"tweenEasing":0},{"duration":7,"tweenEasing":0},{"duration":0}]},{"rotateFrame":[{"duration":6,"tweenEasing":0},{"duration":6,"tweenEasing":0},{"duration":6,"tweenEasing":0},{"duration":7,"tweenEasing":0},{"duration":0}],"name":"net2","translateFrame":[{"duration":6,"tweenEasing":0},{"duration":6,"tweenEasing":0},{"duration":6,"tweenEasing":0},{"duration":7,"tweenEasing":0},{"duration":0}],"scaleFrame":[{"duration":6,"tweenEasing":0},{"duration":6,"tweenEasing":0},{"duration":6,"tweenEasing":0},{"duration":7,"tweenEasing":0},{"duration":0}]}],"slot":[{"colorFrame":[{"duration":18,"tweenEasing":0},{"duration":7,"tweenEasing":0},{"duration":0}],"displayFrame":[{"duration":18},{"duration":7},{"duration":0}],"name":"pelvis"},{"colorFrame":[{"duration":12,"tweenEasing":0},{"duration":6,"tweenEasing":0},{"duration":7,"tweenEasing":0},{"duration":0}],"displayFrame":[{"duration":12},{"duration":6},{"duration":7},{"duration":0}],"name":"right_leg"},{"colorFrame":[{"duration":12,"tweenEasing":0},{"duration":6,"tweenEasing":0},{"duration":7,"tweenEasing":0},{"duration":0}],"displayFrame":[{"duration":12},{"duration":6},{"duration":7},{"duration":0}],"name":"leg_left"},{"colorFrame":[{"duration":18,"tweenEasing":0},{"duration":7,"tweenEasing":0},{"duration":0}],"displayFrame":[{"value":-1,"duration":6},{"value":-1,"duration":12},{"value":-1,"duration":7},{"value":-1,"duration":0}],"name":"net"},{"colorFrame":[{"duration":18,"tweenEasing":0},{"duration":7,"tweenEasing":0},{"duration":0}],"displayFrame":[{"duration":18},{"duration":7},{"duration":0}],"name":"wrench"},{"colorFrame":[{"duration":18,"tweenEasing":0},{"duration":7,"tweenEasing":0},{"duration":0}],"displayFrame":[{"duration":18},{"duration":7},{"duration":0}],"name":"right_hand"},{"colorFrame":[{"duration":18,"tweenEasing":0},{"duration":7,"tweenEasing":0},{"duration":0}],"displayFrame":[{"duration":18},{"duration":7},{"duration":0}],"name":"body"},{"colorFrame":[{"duration":18,"tweenEasing":0},{"duration":7,"tweenEasing":0},{"duration":0}],"displayFrame":[{"duration":18},{"duration":7},{"duration":0}],"name":"left_hand"},{"colorFrame":[{"duration":18,"tweenEasing":0},{"duration":7,"tweenEasing":0},{"duration":0}],"displayFrame":[{"duration":18},{"duration":7},{"duration":0}],"name":"kepala"},{"colorFrame":[{"duration":18,"tweenEasing":0},{"duration":7,"tweenEasing":0},{"duration":0}],"displayFrame":[{"duration":18},{"duration":7},{"duration":0}],"name":"gas_mask"},{"colorFrame":[{"duration":6,"tweenEasing":0},{"duration":12,"tweenEasing":0},{"duration":7,"tweenEasing":0},{"duration":0}],"displayFrame":[{"duration":6},{"duration":12},{"duration":7},{"duration":0}],"name":"topi"}],"ffd":[],"playTimes":0,"name":"RunSick"},{"ik":[],"duration":26,"frame":[],"bone":[{"rotateFrame":[{"duration":6},{"duration":20}],"name":"root","translateFrame":[{"duration":6,"tweenEasing":0},{"duration":20}],"scaleFrame":[{"duration":6},{"duration":20}]},{"rotateFrame":[{"duration":12},{"duration":14}],"name":"pelvis","translateFrame":[{"duration":12},{"duration":14}],"scaleFrame":[{"duration":12},{"duration":14}]},{"rotateFrame":[{"duration":12,"curve":[0.5,0,0.5,1],"rotate":-27.6621},{"duration":14,"curve":[0.5,0,0.5,1],"rotate":-20.5188},{"duration":0,"rotate":-27.6621}],"name":"leg_left","translateFrame":[{"duration":12},{"duration":14}],"scaleFrame":[{"duration":12},{"duration":14}]},{"rotateFrame":[{"duration":12},{"duration":14}],"name":"body","translateFrame":[{"duration":12,"curve":[0.5,0,0.5,1],"x":-7.4737},{"duration":14,"curve":[0.5,0,0.5,1],"x":-7.4737},{"duration":0,"x":-7.4737}],"scaleFrame":[{"duration":12},{"duration":14}]},{"rotateFrame":[{"duration":12,"tweenEasing":0},{"duration":14,"curve":[0.5,0,0.5,1],"rotate":-2.4083},{"duration":0}],"name":"right_leg","translateFrame":[{"duration":12,"tweenEasing":0},{"duration":14,"curve":[0.5,0,0.5,1]},{"duration":0}],"scaleFrame":[{"duration":12,"tweenEasing":0},{"duration":14,"curve":[0.5,0,0.5,1]},{"duration":0}]},{"rotateFrame":[{"duration":12,"curve":[0.5,0,0.5,1],"rotate":-10.6893},{"duration":14,"curve":[0.5,0,0.5,1],"rotate":-6.162},{"duration":0,"rotate":-10.6893}],"name":"body1","translateFrame":[{"duration":12},{"duration":14}],"scaleFrame":[{"duration":12},{"duration":14}]},{"rotateFrame":[{"duration":12,"curve":[0.5,0,0.5,1],"rotate":23.7082},{"duration":14,"curve":[0.5,0,0.5,1],"rotate":23.7082},{"duration":0,"rotate":23.7082}],"name":"right_hand","translateFrame":[{"duration":12},{"duration":14}],"scaleFrame":[{"duration":12},{"duration":14}]},{"rotateFrame":[{"duration":12,"curve":[0.5,0,0.5,1],"rotate":-24.4359},{"duration":14,"curve":[0.5,0,0.5,1],"rotate":-13.2676},{"duration":0,"rotate":-24.4359}],"name":"bone","translateFrame":[{"duration":12},{"duration":14}],"scaleFrame":[{"duration":12},{"duration":14}]},{"rotateFrame":[{"duration":12,"curve":[0.5,0,0.5,1],"rotate":-13.7976},{"duration":14,"curve":[0.5,0,0.5,1],"rotate":-2.658},{"duration":0,"rotate":-13.7976}],"name":"gas_mask","translateFrame":[{"duration":12},{"duration":14}],"scaleFrame":[{"duration":12},{"duration":14}]},{"rotateFrame":[{"duration":12},{"duration":14}],"name":"gas_mask1","translateFrame":[{"duration":12},{"duration":14}],"scaleFrame":[{"duration":12},{"duration":14}]},{"rotateFrame":[{"duration":12,"curve":[0.5,0,0.5,1],"rotate":-46.9853},{"duration":14,"curve":[0.5,0,0.5,1],"rotate":-46.9853},{"duration":0,"rotate":-46.9853}],"name":"left_hand","translateFrame":[{"duration":12},{"duration":14}],"scaleFrame":[{"duration":12},{"duration":14}]},{"rotateFrame":[{"duration":12},{"duration":14}],"name":"topi","translateFrame":[{"duration":12,"tweenEasing":0},{"duration":14,"y":-3.3856,"curve":[0.5,0,0.5,1],"x":0.6323},{"duration":0}],"scaleFrame":[{"duration":12},{"duration":14}]},{"rotateFrame":[{"duration":12,"curve":[0.5,0,0.5,1],"rotate":37.9218},{"duration":14,"curve":[0.5,0,0.5,1],"rotate":44.1309},{"duration":0,"rotate":37.9218}],"name":"right_hand1","translateFrame":[{"duration":12},{"duration":14}],"scaleFrame":[{"duration":12},{"duration":14}]},{"rotateFrame":[{"duration":12,"curve":[0.5,0,0.5,1],"rotate":-31.6441},{"duration":14,"curve":[0.5,0,0.5,1],"rotate":-31.6441},{"duration":0,"rotate":-31.6441}],"name":"wrench","translateFrame":[{"duration":12},{"duration":14}],"scaleFrame":[{"duration":12},{"duration":14}]},{"rotateFrame":[{"duration":12,"curve":[0.5,0,0.5,1],"rotate":-50.0763},{"duration":14,"curve":[0.5,0,0.5,1],"rotate":-50.0763},{"duration":0,"rotate":-50.0763}],"name":"net","translateFrame":[{"duration":12,"y":1.8066,"curve":[0.5,0,0.5,1],"x":76.3887},{"duration":14,"y":1.8066,"curve":[0.5,0,0.5,1],"x":76.3887},{"duration":0,"y":1.8066,"x":76.3887}],"scaleFrame":[{"duration":12},{"duration":14}]},{"rotateFrame":[{"duration":6,"curve":[0.5,0,0.5,1],"rotate":2.2814},{"duration":6,"curve":[0.5,0,0.5,1],"rotate":-14.9716},{"duration":7,"curve":[0.5,0,0.5,1],"rotate":18.8312},{"duration":7,"curve":[0.5,0,0.5,1],"rotate":-14.9716},{"duration":0,"rotate":2.2814}],"name":"net1","translateFrame":[{"duration":12},{"duration":14}],"scaleFrame":[{"duration":12},{"duration":14}]},{"rotateFrame":[{"duration":6,"curve":[0.5,0,0.5,1],"rotate":26.4993},{"duration":6,"curve":[0.5,0,0.5,1],"rotate":31.3502},{"duration":7,"curve":[0.5,0,0.5,1],"rotate":-9.4835},{"duration":7,"curve":[0.5,0,0.5,1],"rotate":31.3502},{"duration":0,"rotate":26.4993}],"name":"net2","translateFrame":[{"duration":12},{"duration":14}],"scaleFrame":[{"duration":12},{"duration":14}]}],"slot":[{"colorFrame":[{"duration":12},{"duration":14}],"displayFrame":[{"duration":12},{"duration":14}],"name":"pelvis"},{"colorFrame":[{"duration":12},{"duration":14}],"displayFrame":[{"duration":12},{"duration":14}],"name":"right_leg"},{"colorFrame":[{"duration":12},{"duration":14}],"displayFrame":[{"duration":12},{"duration":14}],"name":"leg_left"},{"colorFrame":[{"duration":12},{"duration":14}],"displayFrame":[{"duration":12},{"duration":14}],"name":"net"},{"colorFrame":[],"displayFrame":[{"value":-1,"duration":26},{"value":-1,"duration":0}],"name":"wrench"},{"colorFrame":[{"duration":12},{"duration":14}],"displayFrame":[{"duration":12},{"duration":14}],"name":"right_hand"},{"colorFrame":[{"duration":12},{"duration":14}],"displayFrame":[{"duration":12},{"duration":14}],"name":"body"},{"colorFrame":[{"duration":12},{"duration":14}],"displayFrame":[{"duration":12},{"duration":14}],"name":"left_hand"},{"colorFrame":[{"duration":12},{"duration":14}],"displayFrame":[{"duration":12},{"duration":14}],"name":"kepala"},{"colorFrame":[{"duration":12},{"duration":14}],"displayFrame":[{"duration":12},{"duration":14}],"name":"gas_mask"},{"colorFrame":[{"duration":12},{"duration":14}],"displayFrame":[{"duration":12},{"duration":14}],"name":"topi"}],"ffd":[],"playTimes":0,"name":"ForageDown"},{"ik":[],"duration":26,"frame":[],"bone":[{"rotateFrame":[{"duration":6},{"duration":20}],"name":"root","translateFrame":[{"duration":6,"tweenEasing":0},{"duration":20}],"scaleFrame":[{"duration":6},{"duration":20}]},{"rotateFrame":[{"duration":12},{"duration":14}],"name":"pelvis","translateFrame":[{"duration":12},{"duration":14}],"scaleFrame":[{"duration":12},{"duration":14}]},{"rotateFrame":[{"duration":12,"curve":[0.5,0,0.5,1],"rotate":-5.4342},{"duration":14,"curve":[0.5,0,0.5,1],"rotate":-5.4342},{"duration":0,"rotate":-5.4342}],"name":"leg_left","translateFrame":[{"duration":12},{"duration":14}],"scaleFrame":[{"duration":12},{"duration":14}]},{"rotateFrame":[{"duration":12,"tweenEasing":0,"rotate":7.0482},{"duration":14,"curve":[0.5,0,0.5,1]},{"duration":0,"rotate":7.0482}],"name":"body","translateFrame":[{"duration":12,"curve":[0.5,0,0.5,1],"x":0.6972},{"duration":14,"curve":[0.5,0,0.5,1],"x":-4.9302},{"duration":0,"x":0.6972}],"scaleFrame":[{"duration":12},{"duration":14}]},{"rotateFrame":[{"duration":12,"tweenEasing":0},{"duration":14,"curve":[0.5,0,0.5,1],"rotate":-2.4083},{"duration":0}],"name":"right_leg","translateFrame":[{"duration":12,"tweenEasing":0},{"duration":14,"curve":[0.5,0,0.5,1]},{"duration":0}],"scaleFrame":[{"duration":12,"tweenEasing":0},{"duration":14,"curve":[0.5,0,0.5,1]},{"duration":0}]},{"rotateFrame":[{"duration":12,"curve":[0.5,0,0.5,1],"rotate":1.5621},{"duration":14,"curve":[0.5,0,0.5,1],"rotate":-6.162},{"duration":0,"rotate":1.5621}],"name":"body1","translateFrame":[{"duration":12},{"duration":14}],"scaleFrame":[{"duration":12},{"duration":14}]},{"rotateFrame":[{"duration":12,"curve":[0.5,0,0.5,1],"rotate":23.7082},{"duration":14,"curve":[0.5,0,0.5,1],"rotate":23.7082},{"duration":0,"rotate":23.7082}],"name":"right_hand","translateFrame":[{"duration":12},{"duration":14}],"scaleFrame":[{"duration":12},{"duration":14}]},{"rotateFrame":[{"duration":12,"curve":[0.5,0,0.5,1],"rotate":-240.7716},{"duration":14,"curve":[0.5,0,0.5,1],"rotate":-240.7716},{"duration":0,"rotate":-240.7716}],"name":"bone","translateFrame":[{"duration":12},{"duration":14}],"scaleFrame":[{"duration":12},{"duration":14}]},{"rotateFrame":[{"duration":12,"curve":[0.5,0,0.5,1],"rotate":-13.7976},{"duration":14,"curve":[0.5,0,0.5,1],"rotate":-2.658},{"duration":0,"rotate":-13.7976}],"name":"gas_mask","translateFrame":[{"duration":12},{"duration":14}],"scaleFrame":[{"duration":12},{"duration":14}]},{"rotateFrame":[{"duration":12},{"duration":14}],"name":"gas_mask1","translateFrame":[{"duration":12},{"duration":14}],"scaleFrame":[{"duration":12},{"duration":14}]},{"rotateFrame":[{"duration":12,"curve":[0.5,0,0.5,1],"rotate":-43.4411},{"duration":14,"curve":[0.5,0,0.5,1],"rotate":-43.4411},{"duration":0,"rotate":-43.4411}],"name":"left_hand","translateFrame":[{"duration":12},{"duration":14}],"scaleFrame":[{"duration":12},{"duration":14}]},{"rotateFrame":[{"duration":12},{"duration":14}],"name":"topi","translateFrame":[{"duration":12,"tweenEasing":0},{"duration":14,"y":-3.3856,"curve":[0.5,0,0.5,1],"x":0.6323},{"duration":0}],"scaleFrame":[{"duration":12},{"duration":14}]},{"rotateFrame":[{"duration":12,"curve":[0.5,0,0.5,1],"rotate":37.9218},{"duration":14,"curve":[0.5,0,0.5,1],"rotate":44.1309},{"duration":0,"rotate":37.9218}],"name":"right_hand1","translateFrame":[{"duration":12},{"duration":14}],"scaleFrame":[{"duration":12},{"duration":14}]},{"rotateFrame":[{"duration":12,"curve":[0.5,0,0.5,1],"rotate":-31.6441},{"duration":14,"curve":[0.5,0,0.5,1],"rotate":-31.6441},{"duration":0,"rotate":-31.6441}],"name":"wrench","translateFrame":[{"duration":12},{"duration":14}],"scaleFrame":[{"duration":12},{"duration":14}]},{"rotateFrame":[{"duration":12,"curve":[0.5,0,0.5,1],"rotate":-50.0763},{"duration":14,"curve":[0.5,0,0.5,1],"rotate":-50.0763},{"duration":0,"rotate":-50.0763}],"name":"net","translateFrame":[{"duration":12,"y":1.8066,"curve":[0.5,0,0.5,1],"x":76.3887},{"duration":14,"y":1.8066,"curve":[0.5,0,0.5,1],"x":76.3887},{"duration":0,"y":1.8066,"x":76.3887}],"scaleFrame":[{"duration":12},{"duration":14}]},{"rotateFrame":[{"duration":6,"curve":[0.5,0,0.5,1],"rotate":2.2814},{"duration":6,"curve":[0.5,0,0.5,1],"rotate":-14.9716},{"duration":7,"curve":[0.5,0,0.5,1],"rotate":18.8312},{"duration":7,"curve":[0.5,0,0.5,1],"rotate":-14.9716},{"duration":0,"rotate":2.2814}],"name":"net1","translateFrame":[{"duration":12},{"duration":14}],"scaleFrame":[{"duration":12},{"duration":14}]},{"rotateFrame":[{"duration":6,"curve":[0.5,0,0.5,1],"rotate":26.4993},{"duration":6,"curve":[0.5,0,0.5,1],"rotate":31.3502},{"duration":7,"curve":[0.5,0,0.5,1],"rotate":-9.4835},{"duration":7,"curve":[0.5,0,0.5,1],"rotate":31.3502},{"duration":0,"rotate":26.4993}],"name":"net2","translateFrame":[{"duration":12},{"duration":14}],"scaleFrame":[{"duration":12},{"duration":14}]}],"slot":[{"colorFrame":[{"duration":12},{"duration":14}],"displayFrame":[{"duration":12},{"duration":14}],"name":"pelvis"},{"colorFrame":[{"duration":12},{"duration":14}],"displayFrame":[{"duration":12},{"duration":14}],"name":"right_leg"},{"colorFrame":[{"duration":12},{"duration":14}],"displayFrame":[{"duration":12},{"duration":14}],"name":"leg_left"},{"colorFrame":[{"duration":12},{"duration":14}],"displayFrame":[{"duration":12},{"duration":14}],"name":"net"},{"colorFrame":[],"displayFrame":[{"value":-1,"duration":26},{"value":-1,"duration":0}],"name":"wrench"},{"colorFrame":[{"duration":12},{"duration":14}],"displayFrame":[{"duration":12},{"duration":14}],"name":"right_hand"},{"colorFrame":[{"duration":12},{"duration":14}],"displayFrame":[{"duration":12},{"duration":14}],"name":"body"},{"colorFrame":[{"duration":12},{"duration":14}],"displayFrame":[{"duration":12},{"duration":14}],"name":"left_hand"},{"colorFrame":[{"duration":12},{"duration":14}],"displayFrame":[{"duration":12},{"duration":14}],"name":"kepala"},{"colorFrame":[{"duration":12},{"duration":14}],"displayFrame":[{"duration":12},{"duration":14}],"name":"gas_mask"},{"colorFrame":[{"duration":12},{"duration":14}],"displayFrame":[{"duration":12},{"duration":14}],"name":"topi"}],"ffd":[],"playTimes":0,"name":"ForageUp2"}],"type":"Armature","bone":[{"name":"root","transform":{}},{"transform":{"y":-150.55,"x":3.15},"name":"pelvis","parent":"root"},{"length":51,"transform":{"y":-2.1,"skX":81.1643,"skY":81.1643,"x":11.6},"parent":"pelvis","name":"leg_left"},{"length":23,"transform":{"y":-11.05,"skX":-91.3581,"skY":-91.3581,"x":-1.05},"parent":"pelvis","name":"body"},{"length":51,"transform":{"y":-2.65,"skX":92.3556,"skY":92.3556,"x":-11.05},"parent":"pelvis","name":"right_leg"},{"length":36,"transform":{"skX":-1.087,"skY":-1.087,"x":23.2065},"parent":"body","name":"body1"},{"length":32,"transform":{"y":-5.34,"skX":-141.2578,"skY":-141.2578,"x":35.5101},"parent":"body1","name":"right_hand"},{"length":32,"transform":{"y":5.177,"skX":129.4568,"skY":129.4568,"x":34.5106},"parent":"body1","name":"bone"},{"length":34,"transform":{"y":-1.2615,"skX":0.6865,"skY":0.6865,"x":44.2941},"parent":"body1","name":"gas_mask"},{"transform":{"y":14.8393,"x":20.6043},"name":"gas_mask1","parent":"gas_mask"},{"length":41,"transform":{"skX":39.7153,"skY":39.7153,"x":32.3101},"parent":"bone","name":"left_hand"},{"length":24,"transform":{"y":-0.2082,"skX":-0.844,"skY":-0.844,"x":43.727},"parent":"gas_mask","name":"topi"},{"length":38,"transform":{"skX":-26.8593,"skY":-26.8593,"x":32.0116},"parent":"right_hand","name":"right_hand1"},{"transform":{"y":9.7745,"x":40.6024},"name":"wrench","parent":"right_hand1"},{"transform":{"y":84.1835,"x":7.0496},"name":"net","parent":"right_hand1"},{"length":41,"transform":{"y":-1.3829,"skX":-156.7518,"skY":-156.7518,"x":-4.4875},"parent":"net","name":"net1"},{"length":50,"transform":{"skX":-9.8994,"skY":-9.8994,"x":41.9418},"parent":"net1","name":"net2"}],"aabb":{"width":202.0083333333333,"y":-320.99999999999994,"height":231.99999999999994,"x":-150.00833333333333},"slot":[{"color":{},"name":"pelvis","parent":"pelvis"},{"z":1,"color":{},"name":"right_leg","parent":"right_leg"},{"z":2,"color":{},"name":"leg_left","parent":"leg_left"},{"z":3,"color":{},"name":"net","parent":"net2"},{"z":4,"color":{},"name":"wrench","parent":"wrench"},{"z":5,"color":{},"name":"right_hand","parent":"right_hand1"},{"z":6,"color":{},"name":"body","parent":"body1"},{"z":7,"color":{},"name":"left_hand","parent":"left_hand"},{"z":8,"color":{},"name":"kepala","parent":"gas_mask1"},{"z":9,"color":{},"name":"gas_mask","parent":"gas_mask1"},{"z":10,"color":{},"name":"topi","parent":"topi"}],"ik":[],"name":"Armature","frameRate":24,"skin":[{"name":"","slot":[{"display":[{"slotPose":[1,0,0,1,-73.00000000000001,-215.50000000000003],"vertices":[-68,-81.5,68,-82.2,-68,81.5,68,80.8,-44.55,31.35,-57.7,19.9,-68,1.75,-57.7,-16.4,-42.9,-28.5,-25.4,-37.95,-17.35,-55.4,-2.85,-69.55,13.95,-81.5,17.3,-69.55,16.65,-50.4,15.3,-33.55,10.6,-12.7,3.55,-0.6,-2.85,14.85,-6.55,27.65,42.9,70.35,10.95,47.85,-12.95,36.4,-30.1,38.1,26.05,50.2,54.3,67.7],"path":"Mechanic/net","edges":[1,3,3,2,2,6,6,0,0,12,12,1],"name":"Mechanic/net","type":"mesh","triangles":[16,17,24,16,24,25,12,13,1,16,25,1,15,16,1,14,15,1,13,14,1,20,2,3,25,20,3,1,25,3,17,18,24,21,2,20,24,20,25,18,21,24,24,21,20,23,2,21,18,19,21,0,11,12,22,23,21,10,15,14,11,14,13,12,11,13,11,10,14,9,16,15,10,9,15,19,22,21,9,17,16,8,18,17,9,8,17,5,4,18,8,7,18,7,5,18,23,19,18,4,23,18,0,10,11,23,22,19,0,8,9,0,9,10,4,2,23,6,5,7,5,2,4,0,7,8,6,2,5,0,6,7],"uvs":[0,0,1,0,0,1,1,1,0.17243,0.69233,0.07574,0.62209,0,0.51074,0.07574,0.39939,0.18456,0.32515,0.31324,0.26718,0.37243,0.16012,0.47904,0.07331,0.60257,0,0.62721,0.07331,0.62243,0.1908,0.6125,0.29417,0.57794,0.42209,0.5261,0.49632,0.47904,0.5911,0.45184,0.66963,0.81544,0.9316,0.58051,0.79356,0.40478,0.72331,0.27868,0.73374,0.69154,0.80798,0.89926,0.91534],"bonePose":[15,0.5400343675629051,-0.8416429657823636,0.8416429657823636,0.5400343675629051,-106.34999999999998,-205.3,16,0.38730019023437456,-0.9219536662134475,0.9219536662134475,0.38730019023437456,-83.70000000000002,-240.6,14,-0.1639768953042423,0.9864641796874236,-0.9864641796874236,-0.1639768953042423,-108.45000000000002,-201.10000000000002],"width":136,"weights":[3,15,0.35733928778033663,16,0.416325014314088,14,0.22633569790557537,3,15,0.24322077639731854,16,0.6401112728377623,14,0.11666795076491925,3,15,0.3907869711566592,14,0.44154370419831906,16,0.1676693246450216,1,14,1,1,14,1,1,14,1,1,14,1,3,15,0.15,14,0.53,16,0.32,3,15,0.4463577075151694,16,0.3565033748457902,14,0.19713891763904035,3,15,0.4414940880119456,16,0.49829642515774153,14,0.06020948683031297,3,15,0.23041439956380086,16,0.7250741165412165,14,0.044511483894982724,3,15,0.044402223830805006,16,0.9440090270056665,14,0.01158874916352852,3,15,0.032835886203679575,16,0.9561485711147399,14,0.011015542681580481,3,15,0.026112747593022977,16,0.9662909449865198,14,0.007596307420457178,3,15,0.13622810238320357,16,0.8350634550214787,14,0.02870844259531767,3,15,0.3331850026561877,16,0.6129470300069144,14,0.0538679673368977,3,15,0.4507454784583608,16,0.45289400959083254,14,0.09636051195080657,3,15,0.4637227435012207,16,0.36729121668954584,14,0.1689860398092334,3,15,0.1,14,0.55,16,0.35000000000000003,1,14,1,1,14,1,1,14,1,1,14,1,1,14,1,1,14,1,1,14,1],"userEdges":[],"height":163,"transform":{"y":19.5861,"skX":67.2134,"skY":67.2134,"x":-18.9969}}],"name":"net"},{"display":[{"path":"Mechanic/wrench","type":"image","name":"Mechanic/wrench","transform":{"y":9.5202,"skX":-99.4378,"skY":-99.4378,"x":3.4072}}],"name":"wrench"},{"display":[{"slotPose":[1.0000000000000002,0,0,1.0000000000000002,-22.500000000000036,-183.49999999999994],"vertices":[-17.5,-39.5,17.5,-39.5,-17.5,39.5,17.5,39.5,7.1,-39.5,1.5,-33.5,-4,-24.25,-7.35,-13.3,-10.25,-4.15,-12.4,6.7,-15.1,17.5,-13.85,22.2,-17.5,28.5,-15.65,35.55,-10.95,39.5,-3.95,39.5,-1.05,35.55,2.2,31.75,-1.25,23.45,0.05,12.65,4.2,1.25,6.9,-7.95,13.2,-15.5,17.5,-24.5,17.5,-35],"path":"Mechanic/right_hand","edges":[0,4,4,1,2,12,12,0,14,2,3,15,15,14,23,3,1,24,24,23],"name":"Mechanic/right_hand","type":"mesh","triangles":[21,20,22,4,5,24,6,22,23,5,6,23,24,5,23,4,24,1,17,16,3,16,15,3,18,17,3,19,18,3,20,19,3,22,20,3,23,22,3,6,21,22,0,5,4,8,20,21,7,8,21,6,7,21,9,19,20,8,9,20,18,16,17,0,6,5,11,12,16,12,13,16,10,11,18,11,16,18,10,18,19,9,10,19,14,15,16,13,14,16,0,7,6,0,8,7,0,9,8,13,2,14,0,10,9,0,12,10,10,12,11,12,2,13],"uvs":[0,0,1,0,0,1,1,1,0.70286,0,0.54286,0.07595,0.38571,0.19304,0.29,0.33165,0.20714,0.44747,0.14571,0.58481,0.06857,0.72152,0.10429,0.78101,0,0.86076,0.05286,0.95,0.18714,1,0.38714,1,0.47,0.95,0.56286,0.9019,0.46429,0.79684,0.50143,0.66013,0.62,0.51582,0.69714,0.39937,0.87714,0.3038,1,0.18987,1,0.05696],"bonePose":[12,-0.16397689530424203,0.9864641796874236,-0.9864641796874236,-0.16397689530424203,-24.25000000000001,-194.24999999999997,6,-0.5919729198024942,0.8059578538735817,-0.8059578538735817,-0.5919729198024942,-5.300000000000012,-220.05],"width":35,"weights":[2,12,0.451019129680209,6,0.548980870319791,2,12,0.007291128953680426,6,0.9927088710463196,2,12,0.9162638320943837,6,0.08373616790561635,2,12,0.7809861631018968,6,0.21901383689810328,2,12,0.09748659968081325,6,0.9025134003191868,2,12,0.18222162742159595,6,0.817778372578404,2,12,0.33917219953090727,6,0.6608278004690927,2,12,0.5001937963816019,6,0.49980620361839806,2,12,0.6851487591329224,6,0.31485124086707755,2,12,0.8774470467595007,6,0.12255295324049927,2,12,0.9305827598167435,6,0.06941724018325647,2,12,0.96653874817687,6,0.033461251823129985,2,12,0.9502351499270443,6,0.04976485007295568,2,12,0.9448345994575662,6,0.055165400542433914,2,12,0.9382776524574044,6,0.06172234754259567,2,12,0.9338835895219239,6,0.06611641047807609,2,12,0.9446296031039374,6,0.05537039689606266,2,12,0.9339963176756496,6,0.06600368232435029,2,12,0.969178043073488,6,0.030821956926512115,2,12,0.9459387028215194,6,0.05406129717848063,2,12,0.7451039953985837,6,0.25489600460141615,2,12,0.47940896582848896,6,0.520591034171511,2,12,0.257477960951007,6,0.7425220390489929,2,12,0.0885831620091145,6,0.9114168379908855,2,12,0.0014001302125587786,6,0.9985998697874412],"userEdges":[],"height":79,"transform":{"y":-3.4891,"skX":-99.4378,"skY":-99.4378,"x":10.3175}}],"name":"right_hand"},{"display":[{"path":"Mechanic/topi","type":"image","name":"Mechanic/topi","transform":{"y":6.2708,"skX":92.6026,"skY":92.6026,"x":13.5292}}],"name":"topi"},{"display":[{"path":"Mechanic/body","type":"image","name":"Mechanic/body","transform":{"y":2.7123,"skX":92.445,"skY":92.445,"x":6.0898}}],"name":"body"},{"display":[{"slotPose":[1.0000000000000002,-1.942890293094024e-16,1.942890293094024e-16,1.0000000000000002,26.999999999999993,-181.50000000000003],"vertices":[-20,-41.5,20,-41.5,-20,41.5,20,41.5,-20,-28.75,-12.2,-23.6,-3.4,-12.95,-0.15,-2.75,1.7,8.25,2.7,17.05,6.95,17.75,2.55,25,2.7,32.5,7.3,33.65,8.15,41.5,15.25,41.5,20,29.45,20,19.1,16.8,14,15.45,7.25,13.4,-4.15,11.55,-15.15,5.25,-28.55,-2.35,-38.35,-13.4,-41.5,-20,-36.15],"path":"Mechanic/left_hand","edges":[2,4,14,2,3,15,15,14,16,3,1,17,17,16,0,24,24,1,4,25,25,0],"name":"Mechanic/left_hand","type":"mesh","triangles":[19,18,17,20,19,17,18,10,17,11,13,16,10,11,16,13,15,16,17,10,16,24,23,1,23,22,1,22,21,1,20,17,1,21,20,1,16,15,3,13,14,15,19,10,18,7,8,20,20,8,19,8,10,19,21,7,20,22,6,21,6,7,21,12,2,14,8,9,10,9,11,10,12,14,13,11,12,13,23,5,22,5,6,22,2,11,9,8,2,9,11,2,12,7,2,8,6,5,7,5,4,7,4,2,7,24,5,23,24,25,5,25,4,5,0,25,24],"uvs":[0,0,1,0,0,1,1,1,0,0.15361,0.195,0.21566,0.415,0.34398,0.49625,0.46687,0.5425,0.5994,0.5675,0.70542,0.67375,0.71386,0.56375,0.8012,0.5675,0.89157,0.6825,0.90542,0.70375,1,0.88125,1,1,0.85482,1,0.73012,0.92,0.66867,0.88625,0.58735,0.835,0.45,0.78875,0.31747,0.63125,0.15602,0.44125,0.03795,0.165,0,0,0.06446],"bonePose":[7,0.7985119441369026,0.6019789656380896,-0.6019789656380896,0.7985119441369026,5.24999999999999,-219.5,10,0.18898047916346666,0.9819808442607967,-0.9819808442607967,0.18898047916346666,31.049999999999997,-200.05],"width":40,"weights":[1,7,1,1,10,1,1,10,1,1,10,1,2,7,0.85,10,0.15,2,7,0.89,10,0.11,2,10,0.85,7,0.15,1,10,1,1,10,1,1,10,1,1,10,1,1,10,1,1,10,1,1,10,1,1,10,1,1,10,1,1,10,1,1,10,1,1,10,1,1,10,1,1,10,1,2,10,0.66,7,0.34,2,10,0.43,7,0.5700000000000001,2,7,0.78,10,0.22,2,7,0.96,10,0.04,1,7,1],"userEdges":[],"height":83,"transform":{"y":7.4826,"skX":-79.1067,"skY":-79.1067,"x":17.4504}}],"name":"left_hand"},{"display":[{"path":"Mechanic/kepala","type":"image","name":"Mechanic/kepala","transform":{"y":-6.776,"skX":86.4904,"skY":86.4904,"x":10.663}}],"name":"kepala"},{"display":[{"path":"Mechanic/pelvis","type":"image","name":"Mechanic/pelvis","transform":{"y":-0.45,"x":0.35}}],"name":"pelvis"},{"display":[{"path":"Mechanic/gas_mask","type":"image","name":"Mechanic/gas_mask","transform":{"y":-14.4566,"skX":91.7585,"skY":91.7585,"x":4.8959}}],"name":"gas_mask"},{"display":[{"path":"Mechanic/right_leg","type":"image","name":"Mechanic/right_leg","transform":{"y":2.958,"skX":-92.3556,"skY":-92.3556,"x":27.8451}}],"name":"right_leg"},{"display":[{"triangles":[1,0,3,0,2,3],"width":23,"type":"mesh","vertices":[-11.5,-35.5,11.5,-35.5,-11.5,35.5,11.5,35.5],"transform":{"y":-0.5234,"skX":-81.1643,"skY":-81.1643,"x":27.5574},"path":"Mechanic/leg_left","edges":[0,1,2,0,3,2,1,3],"userEdges":[],"height":71,"name":"Mechanic/leg_left","uvs":[0,0,1,0,0,1,1,1]}],"name":"leg_left"}]}]}],"name":"Mechanic","version":"5.5"}